,name_id,title_id,name
0,nm0899854,tt0285252,Tony Vitale
1,nm1940585,tt0462036,Bill Haley
2,nm0151540,tt0835418,Jay Chandrasekhar
3,nm0089502,tt0878654,Albert Pyun
4,nm2291498,tt0878654,Joe Baile
5,nm2292011,tt0878654,Howie Askins
6,nm2416460,tt0879859,Eric Manchester
7,nm2286991,tt0996958,Tara Cardinal
8,nm0527109,tt0999913,Rod Lurie
9,nm10539228,tt10003792,Dinesh Lingden
10,nm10540239,tt10005130,Remedios Malvárez
11,nm9232888,tt10005378,Michael Anthony Giudicissi
12,nm4853354,tt10011102,Aditya Sarpotdar
13,nm0860520,tt1002965,Monte Thompson
14,nm10553970,tt10036406,James Meyer
15,nm6021959,tt10039152,Cosmotropia de Xam
16,nm6051389,tt10042456,Daria Nazarova
17,nm8351963,tt10055770,Vivek Elangovan
18,nm10563021,tt10056334,Ernest Vila
19,nm0472248,tt10059624,Piet Kroon
20,nm10193497,tt10060902,Dionne Jackson
21,nm10567789,tt10069122,Menios Karayannis
22,nm10351658,tt10076760,Boneyboy
23,nm10572890,tt10079986,Masayuki Mizobuchi
24,nm10586890,tt10084358,Raj Mane
25,nm7981281,tt10084778,Christine Shaw
26,nm7717515,tt10085524,Jordan Walker
27,nm10576024,tt10086906,Njel De Mesa
28,nm7931526,tt10087396,Pravin Raja Karale
29,nm5827108,tt10091972,Basil Al-Khatib
30,nm4510291,tt10094362,Radomir Luza
31,nm1583111,tt10095266,Serena Davies
32,nm10586624,tt10111116,Andrea Hammontree
33,nm3691130,tt10126496,David Metzger
34,nm0403225,tt10126628,Jianqi Huo
35,nm10384892,tt10133856,Mal Williamson
36,nm9331610,tt10137958,Bastien Rokk
37,nm0104200,tt10140002,Mark Bramble
38,nm1098369,tt10140002,Ross MacGibbon
39,nm1375643,tt10146204,Azul Lombardía
40,nm10593130,tt10148094,Michael Prananto
41,nm4516444,tt10151164,Peter Hiscock
42,nm7824003,tt10151318,Chin Yang
43,nm2354872,tt10151630,Ronald Carballo
44,nm8043706,tt10155126,Jabari Crowder
45,nm7573719,tt10157728,Vignesh Menon
46,nm1662726,tt10160686,Gerd F. Schultze
47,nm2152398,tt10165624,Daniel Knudsen
48,nm0000431,tt1125929,Taylor Hackford
49,nm0585011,tt1126618,Roger Michell
50,nm1012219,tt1138442,Hae-sung Song
51,nm1864022,tt1152830,Chris Tyrrell
52,nm0998825,tt1159712,Jeffrey Blitz
53,nm2929037,tt1188482,Micah Moore
54,nm0007180,tt1188984,Lutz Konermann
55,nm1099214,tt1191135,Ed Palmos
56,nm2598931,tt1323592,Hunter G. Williams
57,nm2442244,tt1323592,Taylor Chien
58,nm1787884,tt1323593,Cassie Jaye
59,nm1148357,tt1326193,Carl Darchuk
60,nm2112033,tt1329350,Jon Firestone
61,nm0343980,tt1329350,Mark Steven Grove
62,nm1076642,tt1330185,Abby Ginzberg
63,nm0788202,tt1336608,Adam Shankman
64,nm0233574,tt1337191,Rodrigo Dorfman
65,nm3228849,tt1338663,Lorna Lowe
66,nm0081540,tt1340107,Susanne Bier
67,nm0606439,tt1341167,Christopher Morris
68,nm0050547,tt1346719,Sara Ballantine
69,nm0492715,tt1346719,Dea Lawrence
70,nm0105291,tt1349616,Vincent Brantley
71,nm0758933,tt1359553,Jean-Paul Salomé
72,nm1972793,tt1368440,Jamie Bradshaw
73,nm1856884,tt1368440,Aleksandr Dulerayn
74,nm0000146,tt1372686,Ralph Fiennes
75,nm0922487,tt1376233,James Westby
76,nm0381228,tt1380799,Juraj Herz
77,nm1007344,tt1395783,Kantz
78,nm2973669,tt1401718,Terence Nance
79,nm0936754,tt1403987,Chris Witherspoon
80,nm0028220,tt1407055,Casper Andreas
81,nm0100904,tt1410270,Richard Bowen
82,nm0322539,tt1411232,Jonathan Glendening
83,nm0103744,tt1411664,Tom Brady
84,nm0384722,tt1411704,Tim Hill
85,nm2359044,tt1414820,Kevin Triplett
86,nm0179117,tt1421361,Billy Corben
87,nm1884759,tt1423593,Zeina Durra
88,nm0621168,tt1426386,Thomas Napper
89,nm2900814,tt1430070,J.P. Riley
90,nm1127150,tt1430115,Cetywa Powell
91,nm1652061,tt1432989,Nick Sherman
92,nm1135423,tt1434435,Darren Lynn Bousman
93,nm0889402,tt1555832,Carlo Vanzina
94,nm0702477,tt1556193,Edgar Pêra
95,nm3715793,tt1560182,Blake Zawadzki
96,nm0248373,tt1560977,Hector Echavarria
97,nm0000626,tt1562847,John Sayles
98,nm0015295,tt1562872,Zoya Akhtar
99,nm0833780,tt1564585,Greg Strause
100,nm0833779,tt1564585,Colin Strause
101,nm0527325,tt1565069,Dana Lustig
102,nm0092632,tt1565995,Carlos Bolado
103,nm3769292,tt1567735,Shôjirô Nakazawa
104,nm1358092,tt1570988,Steve Roeder
105,nm1349318,tt1573072,Sajid Khan
106,nm2562167,tt1574542,Luca Rea
107,nm0326150,tt1581845,Linda Goldstein Knowlton
108,nm3757448,tt1583373,Réka Almási
109,nm0958159,tt1583936,Dezsö Zsigmond
110,nm3766180,tt1585649,Giovanni Donfrancesco
111,nm6565363,tt1586540,Triston Huang
112,nm2374897,tt1587416,Tomas Puig
113,nm3815263,tt1588356,Dae-gyu Kang
114,nm2308899,tt1588358,Marcel Rasquin
115,nm3772967,tt1588398,Julia Leigh
116,nm2997691,tt1590030,Ernie Minera
117,nm3668748,tt1591086,Robin Mountjoy
118,nm0563748,tt1592534,Achero Mañas
119,nm2102305,tt1594471,Jonas Holmström
120,nm2101896,tt1594471,Jonas Bergergård
121,nm2444711,tt1598082,Shinpei Takeda
122,nm1855384,tt1598782,David Sieveking
123,nm2258724,tt1599316,Alexander Berenbeim
124,nm3193757,tt1599316,Anthony Rocco
125,nm3060588,tt1601237,Masaya Takahashi
126,nm0100456,tt1601922,Alice Bouvrie
127,nm0359734,tt1602620,Michael Haneke
128,nm3070233,tt1604556,Shandii Bacolod
129,nm0344985,tt1606619,Anders Grönros
130,nm1491850,tt1608239,Erik Knudsen
131,nm0873608,tt1608769,Zdenek Troska
132,nm3822400,tt1609120,Gábor Osgyáni
133,nm0134682,tt1609145,Steven Cantor
134,nm3819792,tt1609479,Geoff Moore
135,nm1506819,tt1609479,David Posamentier
136,nm0400170,tt1611211,Ralf Huettner
137,nm3833286,tt1613846,Peggy Seltz
138,nm2373826,tt1614338,Chris Brown
139,nm1170855,tt1615147,J.C. Chandor
140,nm3835086,tt1615875,Melinda Bateman
141,nm2875852,tt1615875,Bradley Nesbitt
142,nm3467462,tt1616171,Art Katipunan
143,nm2691863,tt1617630,Justin Price
144,nm2924113,tt1617654,Michael Angelo
145,nm0000929,tt1618368,Corbin Bernsen
146,nm3845428,tt1620691,Marie-Violaine Brincard
147,nm1347803,tt1621835,Ben Wolfinsohn
148,nm8396625,tt1623768,Abhijit Chowdhury
149,nm0567680,tt1624408,Bruce McDonald
150,nm3857844,tt1627106,Elisavet Laloudaki
151,nm3857396,tt1627106,Massimo Pizzocaro
152,nm3857359,tt1627124,Hiroaki Itô
153,nm0994603,tt1629295,Onir
154,nm2791091,tt1630327,Rob Leickner
155,nm2860726,tt1632690,Gwyn Welles
156,nm0254786,tt1633356,David R. Ellis
157,nm3742120,tt1634524,Baldvin Zophoníasson
158,nm1024171,tt1636784,Julián D'Angiolillo
159,nm1412350,tt1636811,Christian Merlhiot
160,nm0317815,tt1639857,Margarida Gil
161,nm5163387,tt1640112,Adrian Russell Wills
162,nm3881586,tt1641989,Biao Fan
163,nm0996471,tt1642191,Samuel Benchetrit
164,nm1561227,tt1642194,Julien Lacombe
165,nm1561267,tt1642194,Pascal Sid
166,nm1180721,tt1645174,Ernesto Baca
167,nm0692204,tt1645844,Leslie Jean Porter
168,nm1837138,tt1645844,Bruce Feagle
169,nm0911075,tt1646123,Xiaoshuai Wang
170,nm0570082,tt1646922,Mary McGuckian
171,nm3890392,tt1646956,Wagner Novais
172,nm3890952,tt1646956,Rodrigo Felha
173,nm3888440,tt1646956,Cadu Barcelos
174,nm3889268,tt1646956,Cacau Amaral
175,nm0080067,tt1646956,Luciana Bezerra
176,nm3890035,tt1646956,Manaira Carneiro
177,nm1316831,tt1646956,Luciano Vidigal
178,nm1346663,tt1647690,Rachel Landers
179,nm1851071,tt1648207,Chil Kong
180,nm1427994,tt1650044,Ian Clark
181,nm3403467,tt1651100,T.J. Yoshizaki
182,nm1959192,tt1651118,Sergey Loban
183,nm1141070,tt1651143,Borja Cobeaga
184,nm2739675,tt1652390,Ari Davidovich
185,nm3900394,tt1652390,Gideon Boaz
186,nm1901883,tt1653668,Jan Tenhaven
187,nm3905802,tt1653848,Djinn Carrénard
188,nm2039774,tt1655400,Tarô Ohtani
189,nm0000463,tt1656170,Famke Janssen
190,nm3910443,tt1656610,Jodi Wu
191,nm3911083,tt1656610,Chris Wells
192,nm5058881,tt1656634,Rodrigo Guerrero
193,nm1266812,tt1657425,Rako Prijanto
194,nm3370930,tt1659190,Takashi Kubota
195,nm3907981,tt1662671,John McGlaughlin
196,nm0613981,tt1663628,John Murlowski
197,nm0698283,tt1663636,Andreas Prochaska
198,nm3268802,tt1664959,Alan Brown
199,nm1597604,tt1666188,Sridhar Reddy
200,nm0570813,tt1666621,Sara McIntyre
201,nm0072329,tt1666759,Carlos Benpar
202,nm0190988,tt1667100,Nicolas Cuche
203,nm0155201,tt1667150,Daming Chen
204,nm0878299,tt1667153,O.W. Tuthill
205,nm4220800,tt1794771,Rey Ventura
206,nm3147876,tt1794788,Sang-woo Lee
207,nm0926911,tt1795368,Nick Wickham
208,nm0427582,tt1795368,Bill T. Jones
209,nm0521730,tt1795371,Robin Lough
210,nm2910439,tt1796603,Kirill Kuzin
211,nm2255968,tt1796611,Donna McCrum
212,nm1862588,tt1796611,Andy Canny
213,nm0001125,tt1797348,Benicio Del Toro
214,nm0575523,tt1797348,Julio Medem
215,nm0837839,tt1797348,Elia Suleiman
216,nm0871086,tt1797348,Pablo Trapero
217,nm0134559,tt1797348,Laurent Cantet
218,nm0637615,tt1797348,Gaspar Noé
219,nm0846119,tt1797348,Juan Carlos Tabío
220,nm2207677,tt1798138,Fernando Romanazzo
221,nm2274239,tt1798674,Brad Saville
222,nm3543330,tt1799537,David Sabbath
223,nm1472444,tt1799570,Jim de Sève
224,nm1715656,tt1799570,Kian Tjong
225,nm0751102,tt1800241,David O. Russell
226,nm0797736,tt1800684,Adam Sikora
227,nm4319594,tt1800684,Ingmar Villqist
228,nm2637294,tt1801123,Timothy Lanzone
229,nm2828043,tt1805277,Suzie Samant
230,nm2590830,tt1805306,Gianluca Migliarotti
231,nm0148753,tt1806761,Carlotta Cerquetti
232,nm3198798,tt1806777,Shayne Edwards
233,nm3197793,tt1807057,Aaron L. Williams
234,nm4249174,tt1807057,Quentin Moore
235,nm1252857,tt1807064,Fyodor Popov
236,nm4248046,tt1808279,Arnulfo Carrasco Md
237,nm4246441,tt1808537,Caeser Pink
238,nm2489519,tt1808567,Andrew Walkington
239,nm2739695,tt1808568,Mary Redmon
240,nm0397162,tt1808588,Brennan Howard
241,nm0805751,tt1808617,Maciej Slesicki
242,nm0352118,tt1809274,Nobuyoshi Habara
243,nm0024930,tt1809274,Tetsurô Amino
244,nm3907878,tt1809282,Jean-François Ferrillon
245,nm0948859,tt1810722,Yaky Yosha
246,nm2433588,tt1810858,Qunshu Gao
247,nm1523072,tt1813570,Kevin Jerome Everson
248,nm4259348,tt1814665,Jong-ho Huh
249,nm4260194,tt1814701,Marek Polgar
250,nm0891580,tt1814769,Paul Vecchiali
251,nm4260265,tt1814877,Jordi Mesa Gonzalez
252,nm3838802,tt1814926,Pavel Borodin
253,nm0381414,tt1815706,Richard Heslop
254,nm4194177,tt1815724,Curtis Gammage
255,nm3875943,tt1815724,Thina Lowe
256,nm3658133,tt1815767,Molly Maguire
257,nm2327927,tt1815767,Katie Maguire
258,nm3618810,tt1815829,Enrica Viola
259,nm4263385,tt1816498,Richard Sangeleer
260,nm0681852,tt1817771,Robbie Pickering
261,nm0361735,tt1818443,Masato Harada
262,nm2565292,tt1819550,Tanwarin Sukkhapisit
263,nm3233120,tt1820469,Stephen J. Chernoski
264,nm4270392,tt1820473,Rauf Khalilov
265,nm4271978,tt1820695,Robert Christian Malmberg
266,nm1223910,tt1821480,Sujoy Ghosh
267,nm4274720,tt1821494,Damián Pissarra
268,nm4272672,tt1821588,Brian L. Little
269,nm2001854,tt1821701,Dominic James
270,nm2576051,tt1822204,Thomas Makowski
271,nm6470809,tt1823188,Norman Figueroa
272,nm3304152,tt1823743,Edward G. Negron
273,nm3037539,tt1824904,Thomas Gomez Durham
274,nm1475889,tt1825837,Torsten Wacker
275,nm2397199,tt1826707,Nadia Szold
276,nm3421400,tt1826835,Noriel M. Jarito
277,nm3087245,tt1826876,Leticia Jorge
278,nm3383582,tt1826876,Ana Guevara
279,nm4271478,tt1827534,Elgin Cahill
280,nm3783639,tt1829003,Joseph Villapaz
281,nm1381689,tt1830511,Timothy Spanos
282,nm0256384,tt1831635,Heinz Emigholz
283,nm1371074,tt1832533,Hyo-jin Kang
284,nm2361786,tt1833069,Brian Neuls
285,nm3806666,tt1833824,Kevin Grandy
286,nm2939473,tt1836160,Daniel Gervais
287,nm0484210,tt1836753,Mary Lance
288,nm0310032,tt1836907,Stephane Gauger
289,nm0024887,tt1837508,Santiago Amigorena
290,nm3751421,tt1837521,Christopher Harberg
291,nm4114470,tt1837521,Fredrik Lindberg Nielsen
292,nm4311615,tt1837617,Masha Shpolberg
293,nm2013671,tt1837664,Billy Redieck
294,nm2682776,tt1838436,Stephan Düfel
295,nm4318363,tt1841567,Zev Robinson
296,nm1274188,tt1842422,Marc Fernandez
297,nm0898138,tt1843865,Juan Pablo Villaseñor
298,nm0083966,tt1844647,Steve Bishart
299,nm1490111,tt1845244,Robert Krieg
300,nm2725941,tt1845244,Monika Nolte
301,nm0652716,tt1846733,Makoto Ôtake
302,nm0457590,tt1846733,Kitarô
303,nm3255587,tt1846733,Shûichi Okita
304,nm2279646,tt1846733,Yûichi Fukuda
305,nm1872619,tt1847741,Homero Cirelli
306,nm3997712,tt1847750,Marc Silver
307,nm2264123,tt1849824,Travis Campbell
308,nm3326810,tt1850987,Michael Eldon Lobsinger
309,nm2326785,tt1851974,Jason Bermas
310,nm2677929,tt1853606,Stephen Gurewitz
311,nm3859342,tt1854518,Lijo Jose Pellissery
312,nm0603588,tt1854568,Gaël Morel
313,nm2710488,tt1855268,Rajiv S. Ruia
314,nm1728099,tt1855401,Eric Wareheim
315,nm1727367,tt1855401,Tim Heidecker
316,nm4354080,tt1855416,Ghazaleh Soltani
317,nm2822843,tt1856116,Michael Higgins
318,nm1048547,tt1858776,Ben McMillan
319,nm2341709,tt1858813,Rayda Jacobs
320,nm1413104,tt1859482,Alan Rexroth
321,nm1279549,tt1859530,Pernille Rose Grønkjær
322,nm0138326,tt1859604,James Carman
323,nm0482192,tt1861318,Steven Lake
324,nm0358406,tt1863242,Johannes Hammel
325,nm4353686,tt1864361,Petros Charalambous
326,nm0429535,tt1864455,Steven de Jong
327,nm0442455,tt1864557,Mika Kaurismäki
328,nm1341601,tt1865384,Paul Freedman
329,nm1320458,tt1865477,Shawn Woodard
330,nm1846132,tt1865503,Joe Swanberg
331,nm4341391,tt1865538,Vaggelis Rigas
332,nm0989293,tt1867623,Enara Goikoetxea
333,nm2593168,tt1867623,Iurre Tellería
334,nm4381657,tt1869616,Noora Smith
335,nm4382335,tt1869616,Thajba Al Khalifa
336,nm4384030,tt1869616,Diana Iskandarani
337,nm2565124,tt1870549,Andrew James Benson
338,nm1646034,tt1870549,Randy Murray
339,nm1955810,tt1870580,Sharon Kelly Baker
340,nm4389944,tt1872217,Fernandez Emiliano
341,nm1686849,tt1872799,Keith Farrell
342,nm2141317,tt1874513,Roger Ross Williams
343,nm4394765,tt1876226,Eliton Oliveira
344,nm0200403,tt1876330,Michelle Danner
345,nm1315309,tt1876387,Pierre Méréjkowsky
346,nm4393944,tt1876443,Matteo Maggi
347,nm0492825,tt1877797,Jesse Lawrence
348,nm0625245,tt1878942,Chris Nelson
349,nm4069410,tt1879043,Caitlin Clements
350,nm3215659,tt1883204,Kell Kearns
351,nm2437032,tt1883212,DonnaMarie Vaughan
352,nm1450747,tt1883268,Stéphan Moszkowicz
353,nm2264275,tt1883370,Colin Downey
354,nm3206350,tt1884273,Carly Bodmer
355,nm3009468,tt1884355,Martín Solá
356,nm4405849,tt1884419,Barry Friedman
357,nm4405885,tt1884419,Chris David
358,nm4406513,tt1884480,Hector Hugo Jimenez
359,nm4409239,tt1886524,Daniela Giammarino
360,nm4410204,tt1886524,Riccardo Bruni
361,nm1506642,tt1886770,Nana Neul
362,nm3515949,tt1887748,Ricky Wood
363,nm4693472,tt1887792,David Unger
364,nm4412365,tt1888605,Justin Tuerk
365,nm1407430,tt1890455,Marcus Nash
366,nm3372979,tt1890464,Bikash Das
367,nm4415009,tt1890513,Pawan Kripalani
368,nm4417786,tt1893253,Greg W. Locke
369,nm4142119,tt1895294,William Brown
370,nm4420096,tt1895384,Loretta Fahrenholz
371,nm0595586,tt1895594,Robbie Moffat
372,nm0442905,tt1896753,Naomi Kawase
373,nm4422014,tt1899253,Peter Breier
374,nm3221483,tt1904875,Navaniat Singh
375,nm1253429,tt1904899,Aldo Tardozzi
376,nm3115651,tt1904973,Coizta Grecko
377,nm4426962,tt1906338,Daniel Mechling
378,nm0094726,tt1906347,Pascal Bonitzer
379,nm0363034,tt1906453,Harikumar
380,nm4488446,tt1906470,Joe Bou Eid
381,nm4441810,tt1906471,Kiran Yadnyopavit
382,nm1523673,tt1907717,Shu-Kai Chung
383,nm3340797,tt1907758,Jerzy Rose
384,nm0169300,tt1911553,Daniel Cohen
385,nm1319671,tt1911600,Gerardo Naranjo
386,nm2287975,tt1913073,Brian Biegel
387,nm4438977,tt1914308,Yûsuke Koroyasu
388,nm1354763,tt1916728,Krishna D.K.
389,nm1356032,tt1916728,Raj Nidimoru
390,nm0431954,tt1916766,Ron Judkins
391,nm3498574,tt1918782,Tim Walker
392,nm0790250,tt1919017,Andrew Shea
393,nm4458714,tt1919041,Johnny Wentz
394,nm4608502,tt1919062,Fia-Stina Sandlund
395,nm3526914,tt1919067,Peter Kominek
396,nm4443532,tt1920829,Andrew David Barker
397,nm3998626,tt1920969,Tom Newth
398,nm0631315,tt1921129,Manolo Nieto
399,nm3886858,tt1922559,Gust Van den Berghe
400,nm3399500,tt1924487,Olivier Godin
401,nm2327180,tt1927066,Anna Keel
402,nm0765384,tt1928329,Valeria Sarmiento
403,nm0054814,tt1928336,Adam Barker
404,nm0399655,tt1928340,John Huddles
405,nm4455458,tt1929235,Yonatan Nir
406,nm1836981,tt1929235,Dani Menkin
407,nm1419025,tt1929310,Mike Donahue
408,nm3867691,tt1929321,Nnaemeka Madueke
409,nm1051221,tt1930294,Katie Aselton
410,nm4457537,tt1930408,Indra Tirtana
411,nm4456860,tt1930444,Robert La Force
412,nm4456715,tt1930545,Kellei Cosby
413,nm1732981,tt1931533,Martin McDonagh
414,nm0006860,tt2083379,Damian Lee
415,nm1626841,tt2083935,Michael Koepenick
416,nm4959612,tt2083935,Tom Lawson
417,nm3598133,tt2084044,Andre Durand
418,nm4723789,tt2084844,Simon Cunich
419,nm0169557,tt2084861,Lewis Cohen
420,nm0758161,tt2085833,Pierre-Henry Salfati
421,nm0362454,tt2085857,Holly Hardman
422,nm0564001,tt2085986,Sean McAllister
423,nm0307233,tt2086938,Diane Garey
424,nm4726312,tt2086938,Lawrence Hott
425,nm3680248,tt2088666,Joe McArdle
426,nm4248150,tt2088782,Gor Baghdasaryan
427,nm2808304,tt2088795,Adam Docker
428,nm4730570,tt2088795,Kelly Neal
429,nm3082897,tt2088967,Musa Syeed
430,nm0347202,tt2088971,Fernando Guillén Cuervo
431,nm3726121,tt2089733,Lieven Corthouts
432,nm4597487,tt2089759,Simone Barbetti
433,nm4732530,tt2089759,Manuela Sica
434,nm0681237,tt2089759,Giovanni Pianigiani
435,nm2102653,tt2089759,Edo Tagliavini
436,nm3846105,tt2089759,Paolo Fazzini
437,nm4737082,tt2089759,Yumiko Itou
438,nm4731306,tt2089759,Matteo Corazza
439,nm2064403,tt2089759,Alessandro Giordani
440,nm4381796,tt2089759,Angelo Capasso
441,nm1903031,tt2089759,Bruno Di Marcello
442,nm0188173,tt2089759,Domiziano Cristopharo
443,nm4498457,tt2089759,Giuliano Giacomelli
444,nm3101712,tt2089759,Rosso R. Fiorentino
445,nm3206009,tt2089759,Paolo Gaudio
446,nm2360648,tt2089833,Nandan Rao
447,nm3682989,tt2090454,Steven Cortinas
448,nm3981229,tt2093218,Andrey Marmontov
449,nm2962740,tt2094114,Danai Stylianou
450,nm0592803,tt2094854,Sudhir Mishra
451,nm0607904,tt2094883,David Mortin
452,nm4743690,tt2094931,Evgeniy Filshtinskiy
453,nm4745481,tt2095824,Calvin Hall
454,nm1336304,tt2096585,Mes De Guzman
455,nm3312367,tt2097267,Kentaro Horikirizono
456,nm1732859,tt2097827,Jason Torrey
457,nm4632338,tt2097828,Denis Sneguirev
458,nm3404243,tt2098873,Mark Kuether
459,nm0051347,tt2099576,Res Balzli
460,nm5968013,tt2100382,Reza Karimi
461,nm2170526,tt2101466,Paul Catalanotto
462,nm4755434,tt2101491,Filiberto Scarpelli
463,nm2925572,tt2101507,Tom Petch
464,nm1495139,tt2106460,Roan Johnson
465,nm1234619,tt2106601,Baltazar Tokman
466,nm5376821,tt2106712,Stephen Coombs
467,nm3609775,tt2106717,Brandon Wyse
468,nm4766951,tt2107644,Benjamin Roberds
469,nm5792320,tt2107644,Jordan Reyes
470,nm3816986,tt2108629,Joseph Laraja
471,nm2058888,tt2109098,Maria Gorgues
472,nm2185486,tt2111382,Joey Moran
473,nm4126429,tt2112222,João Miller Guerra
474,nm2008556,tt2112222,Filipa Reis
475,nm2309766,tt2112225,Ana María Hurtado
476,nm2525776,tt2112316,Mike Viney
477,nm3181574,tt2112902,Lanre Sarumi
478,nm0863387,tt2113075,George Tillman Jr.
479,nm0647718,tt2113646,Lasse Spang Olsen
480,nm4777579,tt2114410,Anna Sasnal
481,nm3762244,tt2114410,Wilhelm Sasnal
482,nm1628542,tt2118009,Tom Raycove
483,nm0351410,tt2118573,Serif Gören
484,nm1304568,tt2121250,Joan Cutrina
485,nm3666669,tt2123976,Clint Sargent
486,nm4795315,tt2124734,Cathleen Ashworth
487,nm4794637,tt2124734,Nancy Ghertner
488,nm4795583,tt2124900,Eron Davidson
489,nm1622289,tt2124900,Ana Nogueira
490,nm0770445,tt2125429,Hans Scheepmaker
491,nm2749753,tt2125511,Todd Kwait
492,nm4797404,tt2125511,Rob Stegman
493,nm4081300,tt2125609,Nadim Mishlawi
494,nm0276349,tt2126403,Shane Meadows
495,nm1730235,tt2128493,Kôsuke Hishinuma
496,nm4803081,tt2130014,Aya Tanaka
497,nm0507274,tt2130022,Ian Lewis
498,nm4802137,tt2130335,Hiroshi Imanaka
499,nm4176753,tt2131519,David Hastings
500,nm0463188,tt2132312,Kenji Kohashi
501,nm3249369,tt2133310,Paul Feine
502,nm4807278,tt2133324,Frederik Depickere
503,nm4809530,tt2134086,Ryutaro Tano
504,nm2603255,tt2136879,Eiki Takahashi
505,nm4816530,tt2139577,Janelle Gueits
506,nm3442620,tt2140029,Patricia Boillat
507,nm1126064,tt2140029,Elena Gugliuzza
508,nm0329651,tt2140221,Ellen Goosenberg Kent
509,nm0136276,tt2140221,Jenny Carchman
510,nm0584974,tt2140221,Amanda Micheli
511,nm3229556,tt2140587,Tim Sorel
512,nm0853853,tt2141935,Chris Teerink
513,nm3582132,tt2142987,Tim Shechmeister
514,nm5031844,tt2145622,David A Harris
515,nm2390967,tt2145847,Jesse Acevedo
516,nm5042466,tt2146816,Michael Sorokorensky
517,nm3840098,tt2147589,Clark Birchmeier
518,nm2118270,tt2148250,Dániel Tiszeker
519,nm0023361,tt2148596,Laura Alvea
520,nm0651388,tt2148596,Jose Ortuño
521,nm4323168,tt2148827,Ritchie Calavander Cole
522,nm0535351,tt2149079,Tetsu Maeda
523,nm5043877,tt2149498,Hakim Zahir
524,nm1463981,tt2150209,Çagan Irmak
525,nm1410223,tt2151565,Olly Calleja
526,nm1764623,tt2151565,Daniel Riley
527,nm0002396,tt2154052,Scott Shaw
528,nm1493172,tt2154216,Hildie Katibah
529,nm5054055,tt2156288,Mars Roberge
530,nm0003930,tt2156791,Will Wallace
531,nm4476209,tt2157001,Deranta Avaloy
532,nm5056989,tt2157452,Chris Coffman
533,nm0002928,tt2160181,Igor Sunara
534,nm1847732,tt2161896,Jamil Rostami
535,nm2426615,tt2164096,José Ramón Da Cruz
536,nm2000363,tt2164502,Andrea Franco
537,nm3347325,tt2165769,Marie Selva
538,nm1458965,tt2166333,Anna Jadowska
539,nm5068887,tt2167482,Eugenio Manghi
540,nm1789635,tt2167819,Chris Bouchard
541,nm0088498,tt2167835,Barry Bliss
542,nm1177753,tt2167895,Eduardo Nunes
543,nm2283124,tt2168288,Diemo Kemmesies
544,nm5070515,tt2168380,Edward Botham
545,nm5070638,tt2168380,David Hyde
546,nm3177888,tt2169070,Manuel Facal
547,nm2441833,tt2170351,Jon Sanhueza
548,nm1890845,tt2170439,Sean Anders
549,nm3720904,tt2171791,Brian Lannin
550,nm4054218,tt2171791,Charles Rogers
551,nm3358510,tt2171791,Adriana Cepeda Espinosa
552,nm0290556,tt2171791,James Franco
553,nm3957616,tt2171791,Isabella Wing-Davey
554,nm4098590,tt2171791,Anastasia Frank
555,nm2960150,tt2171791,Pedro Gómez Millán
556,nm2884434,tt2171791,Leonora Lonsdale
557,nm2327216,tt2171791,Zachary Kerschberg
558,nm4586881,tt2171791,Jon Matthews
559,nm0941201,tt2172133,Keo Woolford
560,nm0348015,tt2175823,Gunasekhar
561,nm5076726,tt2175902,Tim van Dammen
562,nm2605216,tt2175926,Kan Lume
563,nm1336503,tt2176070,John David Hartfield
564,nm0924421,tt2176070,Adam N. White
565,nm1925423,tt2177583,Masafumi Yamada
566,nm3685430,tt2177619,Dominique Tiberi
567,nm2371540,tt2178927,Tony Trov
568,nm6167154,tt2178927,Johnny Zito
569,nm0196441,tt2179130,Tim Dabringhaus
570,nm2937828,tt2180210,Pedro Ultreras
571,nm1266137,tt2180283,Samit Kakkad
572,nm1268397,tt2181993,Pablo Fernández-Vilalta
573,nm3225574,tt2183864,Nicola Mai
574,nm0863208,tt2184233,Leif Tilden
575,nm0959881,tt2186873,Reis Çelik
576,nm3239276,tt2187061,Richie Mitchell
577,nm3246475,tt2187159,David B. Smith
578,nm0469467,tt2187165,Brigitte Kramer
579,nm5090157,tt2187884,Randy Moore
580,nm1430969,tt2188733,Arun Kumar
581,nm2383002,tt2191938,Tania Khalaf
582,nm0134503,tt2192900,Saara Cantell
583,nm0159116,tt2193269,Sung Pong Choo
584,nm3151236,tt2193271,William Kan
585,nm4389168,tt2193344,Michelle Poppler
586,nm0217052,tt2194501,Pedro Delgado
587,nm3039005,tt2196059,Jody Wheeler
588,nm5094590,tt2196572,Thomas Davies
589,nm2483722,tt2197881,Christopher Forbes
590,nm1814028,tt2198022,Gene Patterson
591,nm2323201,tt2199439,Claudia Pinto
592,nm1717952,tt2201236,Aleksandr Rastorguev
593,nm1018307,tt2201236,Pavel Kostomarov
594,nm4512535,tt2201746,Joe Wheeler
595,nm3554283,tt2201884,Brian K. Hogan
596,nm2315918,tt2201884,Olivia Cuartero-Briggs
597,nm2780501,tt2203721,Dorrit Harazim
598,nm0285063,tt2203721,Arthur Fontes
599,nm2151903,tt2203868,François de Riberolles
600,nm0052755,tt2205501,Sharon Bar-Ziv
601,nm0941085,tt2206354,Penny Woolcock
602,nm4716310,tt2207484,Steve Wolsh
603,nm0117698,tt2208144,Dietrich Brüggemann
604,nm2758322,tt2208868,Robert Rollins
605,nm1226897,tt2210393,Ogden Bass
606,nm1842556,tt2210866,Dean Yamada
607,nm4877278,tt2210871,André Marouço
608,nm4877292,tt2210871,Michel Dubret
609,nm3651567,tt2210983,James Plumb
610,nm3299837,tt2211970,Benjamin Jordan
611,nm0552543,tt2214861,John Martin
612,nm4285728,tt2214941,Chris Sun
613,nm2557193,tt2215673,Anthony O'Brien
614,nm3911376,tt2215729,Christoph Vieth
615,nm4880436,tt2215755,Matthew Lipke
616,nm2422909,tt2215763,Marc de Guerre
617,nm4896988,tt2217802,Alex Powers
618,nm1320081,tt2217924,Daniel Sekulich
619,nm5129155,tt2221620,Steven McCurdy
620,nm2647420,tt2224073,Brea Grant
621,nm1730037,tt2224162,Jonathan Krisel
622,nm4050406,tt2224383,Adam R. Steigert
623,nm1619476,tt2225044,Evan Beloff
624,nm2303860,tt2225054,Jim Whitney
625,nm0732163,tt2226182,Alexandra Robin
626,nm0187834,tt2226283,Lodewijk Crijns
627,nm1705578,tt2226301,Barbara Bialowas
628,nm4364317,tt2226403,Chester Long
629,nm5124152,tt2228378,James Lawrence
630,nm4889277,tt2229187,Brent Deal
631,nm3354276,tt2230816,James Rogy
632,nm4004829,tt2231259,Lucas Mercado
633,nm3523623,tt2231551,Kyja Kristjansson-Nelson
634,nm4731208,tt2231603,Tory Jones
635,nm1409255,tt2234271,Robert Hatch
636,nm3202659,tt2234555,John Akre
637,nm0081077,tt2235318,Robin Bicknell
638,nm0181505,tt2235976,Alberto Cortés
639,nm4351739,tt2239414,Edz Espiritu
640,nm0560277,tt2239866,Erik Matti
641,nm1439349,tt2239876,Laurent Merlin
642,nm0564928,tt2241116,Tim McCann
643,nm4576912,tt2241868,Kinshirô Ogino
644,nm5139500,tt2244880,Bret Woods
645,nm5139098,tt2244880,Frank Gunderson
646,nm5140088,tt2244886,Michael Brennan
647,nm4905018,tt2244913,Emine Emel Balci
648,nm2321771,tt2245544,Smeep Kang
649,nm0714605,tt2246100,Raymond Red
650,nm0075261,tt2246376,Barry Berk
651,nm4244556,tt2246747,Jon Salimes
652,nm4241016,tt2246747,Anthony Lopez
653,nm4341102,tt2246857,Andrea Zanoli
654,nm3122736,tt2246857,Andrea Zambelli
655,nm1904507,tt2248723,Olivier Zuchuat
656,nm4780952,tt2248841,Ross Wells
657,nm2203137,tt2249185,Antonio De La Cruz
658,nm0504824,tt2249204,Don Letts
659,nm2986824,tt2249702,Wendla Nölle
660,nm0536035,tt2249992,Bahman Maghsoudlou
661,nm1834171,tt2250380,David Gaynes
662,nm2807963,tt2250620,Sudipto Chattopadhyay
663,nm3688769,tt2251443,Ben Lidgate
664,nm3688539,tt2251443,Ed Morris
665,nm1932042,tt2251818,Matt Sweetwood
666,nm3197793,tt2252728,Aaron L. Williams
667,nm2809845,tt2254380,Diana Dell'Erba
668,nm4589331,tt2258212,Dale Windle
669,nm3785761,tt2258391,Alexei Dmitriev
670,nm0610385,tt2258435,Nofre Moya
671,nm4915460,tt2258435,Silvia Ventayol
672,nm0706173,tt2258651,Abbas Rafei
673,nm0707200,tt2258664,Alireza Raisian
674,nm3907861,tt2259138,Christian Labhart
675,nm3745149,tt2261427,Mike Freedman
676,nm0901265,tt2261719,Aleksandr Voytinskiy
677,nm1181296,tt2261843,H. James Gilmore
678,nm1720535,tt2262010,Andreas Pichler
679,nm0131821,tt2263172,Seth Camillo
680,nm0205169,tt2265203,Mick Davis
681,nm1653460,tt2265381,Vikram K. Kumar
682,nm1462552,tt2265640,Peter Bolte
683,nm2131825,tt2265878,Antonio Bigini
684,nm4938949,tt2265878,Paolo Simoni
685,nm4938959,tt2265878,Claudio Giapponesi
686,nm1547991,tt2266886,Kevin Baggott
687,nm2043258,tt2270718,R. Todd Campbell
688,nm3680822,tt2271142,Joe Anderson
689,nm4924391,tt2271411,Virgile Novarina
690,nm1614404,tt2274604,David Au
691,nm1287239,tt2275573,Tyler Frederick
692,nm1028015,tt2275573,Brian Batista
693,nm4929746,tt2275573,Melanie Aikenhead
694,nm4929825,tt2275573,Kim Anderson
695,nm3994642,tt2275573,Leslie Bell
696,nm4928391,tt2275573,Ola Birch
697,nm4929755,tt2275573,Caitlind Brown
698,nm4929590,tt2275573,Katie Burns
699,nm4929278,tt2275573,Kristen Campbell
700,nm3968792,tt2275573,Sitji Chou
701,nm2525957,tt2275573,Alan Ferguson
702,nm4929470,tt2275573,Ross Gibb
703,nm0716281,tt2275573,Richard Reeves
704,nm4929890,tt2275573,Jessi Schroeyers
705,nm4928636,tt2275573,Ryan Scott
706,nm4928475,tt2275573,Noelle Shaw
707,nm4928988,tt2275573,Rj Taylor
708,nm4929243,tt2275573,Jennifer Vallis
709,nm3820512,tt2275573,Micheal Welchman
710,nm4272325,tt2275667,Levin Peter
711,nm0664941,tt2275675,Heloísa Passos
712,nm0004056,tt2277860,Andrew Stanton
713,nm0533691,tt2277860,Angus MacLane
714,nm4914682,tt2278797,Will Keown
715,nm2562461,tt2279317,Mattias Klum
716,nm5072302,tt2279956,Doug Bremner
717,nm3459414,tt2281333,Hal Burdick
718,nm2192487,tt2282622,Mark Birnbaum
719,nm2101924,tt2284550,Cathal Watters
720,nm4776738,tt2285614,Raphael Rogers
721,nm2841629,tt2285614,Bianca Malinowski
722,nm5327162,tt2286676,Michael White
723,nm5174956,tt2286676,William Craft
724,nm2279419,tt2287170,Dave Boyle
725,nm2227034,tt2287909,Javier Figuero
726,nm0782599,tt2290263,Mathieu Seiler
727,nm3356728,tt2290473,Brandon Scullion
728,nm0747689,tt2290836,Chito S. Roño
729,nm4933219,tt2294789,Dallas Lammiman
730,nm4948288,tt2294831,Nick Davies
731,nm1094386,tt2298489,Andrew Spencer
732,nm1644518,tt2299491,Nobuteru Uchida
733,nm3194525,tt2300836,Dustin Morrow
734,nm4951421,tt2302943,Ben Derrick
735,nm0474610,tt2302945,Chandrakant Kulkarni
736,nm3267423,tt2302947,Jacob Halpren
737,nm4365140,tt2302947,Peter Azen
738,nm0688783,tt2304310,Jorge Polaco
739,nm0048414,tt2304459,Dylan Baker
740,nm3859651,tt2304543,Eddie Saint-Jean
741,nm2128335,tt2304933,J Blakeson
742,nm2428088,tt2305003,Paul T.T. Easter
743,nm4954706,tt2306739,Rabi Kisku
744,nm1033667,tt2306775,Michael Winnick
745,nm2423593,tt2307020,José Álvarez
746,nm0831370,tt2307846,Michael Stokes
747,nm0243848,tt2308585,Alberto Durant
748,nm1410208,tt2308725,Young-Joo Byun
749,nm4957380,tt2308879,Terry Largent
750,nm4956449,tt2308879,Michael Thorsen
751,nm6171533,tt2308879,Doug Weed
752,nm0583622,tt2309939,Scott R. Meyers
753,nm0100522,tt2310814,Laurent Bouzereau
754,nm0519999,tt2311278,Archie Lopez
755,nm1416091,tt2311334,Reinhard Kungel
756,nm3591467,tt2315628,Paul Wright
757,nm4962091,tt2316659,Raul Rosado
758,nm4928628,tt2316659,Victor Santos
759,nm0000231,tt2316672,Oliver Stone
760,nm0467145,tt2316787,Arto Koskinen
761,nm0335128,tt2316817,Christopher Granier-Deferre
762,nm4457761,tt2317271,Cedric Mixon
763,nm0260181,tt2318522,Jose Escamilla
764,nm0001528,tt2319580,Don McKellar
765,nm0458722,tt2320015,Dusan Klein
766,nm1158768,tt2321583,Francesca Del Sette
767,nm0515491,tt2321583,Carlo Lizzani
768,nm0472966,tt2322395,Kryeziu Ekrem
769,nm4970416,tt2323619,Vito Cea
770,nm2468562,tt2324098,Joel Clark Ackerman
771,nm0671922,tt2324544,Charles R. Penland
772,nm0427793,tt2324544,Clyde Risley Jones
773,nm2149099,tt2325625,Hüseyin Tabak
774,nm4971757,tt2325767,William Rosario Cruz
775,nm3966897,tt2327253,Joe Eddy
776,nm2476246,tt2327665,Julien Sigalas
777,nm0181109,tt2330444,Pappi Corsicato
778,nm4976940,tt2330691,Shannon Kring
779,nm4977052,tt2330811,Austin Counts
780,nm0701603,tt2330933,Marja Pyykkö
781,nm0617428,tt2330979,Taru Mäkelä
782,nm5282500,tt2331167,Jeeva Shankar
783,nm1246883,tt2337164,Mac Alejandre
784,nm5221134,tt2337650,Dimitar Kolev
785,nm1885641,tt2338341,Gregory W. Friedle
786,nm7977796,tt2339054,Jade Gale
787,nm3648386,tt2339567,Shalahuddin Siregar
788,nm1391682,tt2341766,Rohan Sippy
789,nm5223336,tt2342818,Brian Bitterfeld
790,nm2538739,tt2343134,Hanung Bramantyo
791,nm4990910,tt2343729,Satoshi Kase
792,nm0095871,tt2345683,Gertjan Booy
793,nm0950956,tt2346170,Stanley Yung
794,nm2910938,tt2347503,Patrick Gibbs
795,nm2111174,tt2347503,Paul Gibbs
796,nm5225242,tt2348786,Julia Buss
797,nm4006410,tt2348924,Cameron Price
798,nm3435194,tt2349643,Nathan Hill
799,nm5204574,tt2350746,P.V. Prasad
800,nm0362771,tt2350782,Varda Bar-Kar
801,nm1102021,tt2353048,Goran Milev
802,nm4996064,tt2353801,Subash Koirala
803,nm3433358,tt2354144,Matthew A. Peters
804,nm4919531,tt2354531,Kendall Womblin
805,nm3868633,tt2355144,Severin Fiala
806,nm1072411,tt2355144,Veronika Franz
807,nm5230189,tt2355162,Laura Silagi
808,nm3093338,tt2355162,Suzanne Siegel
809,nm5231287,tt2355162,Deborah Krall
810,nm0085515,tt2355520,Stephanie Black
811,nm5238472,tt2355520,Gareth Cobran
812,nm2346813,tt2355520,Justine Henzell
813,nm5238623,tt2355520,Chris Browne
814,nm1135382,tt2355520,Luciano Blotta
815,nm5239480,tt2355520,Drew Brennan
816,nm2509309,tt2355520,Adrian Allen
817,nm5238175,tt2355520,Anil Bruce
818,nm2257065,tt2355520,Lukkee Chong
819,nm5239025,tt2355520,Marcus Bird
820,nm4380400,tt2356428,Régis Sauder
821,nm1870949,tt2358965,Ibon Olaskoaga
822,nm1200194,tt2359473,Marteinn Thorsson
823,nm1273537,tt2360060,Clemens von Wedemeyer
824,nm5236117,tt2360614,Jacques de Beaufort
825,nm3048151,tt2361551,Roni Jonah
826,nm3511659,tt2363213,Mikkel Brænne Sandemose
827,nm5369179,tt2363280,Michael Elliott
828,nm4075424,tt2363309,Matt Thompson
829,nm5006565,tt2363421,Chu-ji Qiu
830,nm5006008,tt2363513,Wanweaw Hongvivatana
831,nm5007146,tt2363513,Weawwan Hongvivatana
832,nm5006536,tt2363533,Mauricio Novelo
833,nm5008802,tt2364621,Steven Rousso-Schindler
834,nm3131248,tt2364773,Christopher Halligan
835,nm3262394,tt2364985,Logan Gilpin
836,nm5008315,tt2364985,Anthony Marquez
837,nm5008999,tt2366043,Francois Fujimoto
838,nm1302708,tt2366043,Mike L. Taylor
839,nm5239516,tt2367988,Philip Cappello
840,nm1637806,tt2368717,Sôichi Masui
841,nm2187272,tt2368900,Frederic Eger
842,nm5249031,tt2368900,Susan Shumsky
843,nm0836557,tt2369041,Eric Styles
844,nm0222150,tt2369154,Prabhu Deva
845,nm5248313,tt2369410,Kester Nsirim
846,nm0181117,tt2369497,Catherine Corsini
847,nm1486975,tt2369543,Annemarie Jacir
848,nm2614642,tt2369666,Marc Morgan
849,nm0285090,tt2370034,Frédéric Fonteyne
850,nm3821208,tt2371365,Fernando Fraiha
851,nm0111292,tt2371511,Betzy Bromberg
852,nm0782430,tt2371834,Ulrich Seidl
853,nm5248439,tt2373298,Wendy Lestina
854,nm0669704,tt2373878,Raoul Peck
855,nm2218593,tt2375767,Anthony Azar
856,nm5021698,tt2378057,Allyson Patel
857,nm5021208,tt2378057,Yash Dave
858,nm2428276,tt2378089,George Anton
859,nm0754832,tt2379450,Dror Sabo
860,nm0023776,tt2379831,Alfonso Amador
861,nm1547925,tt2380137,Poj Arnon
862,nm0505118,tt2380175,Gary Leva
863,nm0222615,tt2380342,Dennis Devine
864,nm1130190,tt2381213,Fernando Lebrija
865,nm3253001,tt2381335,Stephanie Soechtig
866,nm1547825,tt2381957,Joshua Bee Alafia
867,nm0065036,tt2382955,Peter Bechtel
868,nm0481563,tt2384298,Sheila Lahey
869,nm5259413,tt2384984,Susan Solomon
870,nm2335162,tt2384984,Thomas Lahusen
871,nm1717943,tt3989904,Georgiy Paradzhanov
872,nm6732735,tt3991384,Cha Escala
873,nm6732734,tt3991384,Wena Sanchez
874,nm6734908,tt3994448,Sunil Yadav
875,nm0052234,tt3996204,Robert C. Banks
876,nm4407516,tt3996970,Sachin Goswami
877,nm6168995,tt3997544,Sharofat Arabova
878,nm1212765,tt3998210,George Demick
879,nm6739727,tt4001342,Bert Shapiro
880,nm0848838,tt4003794,Fiona Tan
881,nm1200142,tt4007006,Olympia Stone
882,nm6744983,tt4007320,Andrew Adkins
883,nm6744984,tt4007320,George Potter
884,nm3666045,tt4007378,Ryley Grunenwald
885,nm3687285,tt4008392,Zoltán Miklósy
886,nm3495777,tt4010062,Reyna Young
887,nm5382324,tt4011018,Robert Gregson
888,nm2138235,tt4015846,Guadalupe Sánchez
889,nm0007048,tt4020272,Christopher Boone
890,nm1492984,tt4021084,Mikhaël Hers
891,nm3078850,tt4023464,Edward Payson
892,nm3656962,tt4023854,Mike Perrone
893,nm0602452,tt4027076,Andrew Morahan
894,nm2791377,tt4027334,François Péloquin
895,nm6754977,tt4027402,Jack Stanis
896,nm6761378,tt4027780,Mutebi Farouke
897,nm1163929,tt4032264,Stefano Consiglio
898,nm4649849,tt4034236,Josh Matt Rivera
899,nm4740006,tt4034448,Josiah David Warren
900,nm5465609,tt4039780,Miguel Angel Barroso Garcia
901,nm5558733,tt4040906,Virginia García del Pino
902,nm3424048,tt4045384,Diego Rocha
903,nm1768211,tt4045420,Sothean Nhieim
904,nm0518031,tt4045444,Chris Loizou
905,nm1636656,tt4046118,Annette Baumeister
906,nm2087936,tt4049312,Andrew Muto
907,nm4429747,tt4050462,Liz Salvato
908,nm5070127,tt4050462,Pedro Santasmarinas
909,nm2788915,tt4050462,Gavin Rye
910,nm6404613,tt4050462,Mark Scheetz
911,nm1408696,tt4050462,Patrick Rea
912,nm3441373,tt4050462,Craig Stewart
913,nm5395511,tt4050462,John Stewart
914,nm2807181,tt4050462,Ray Sullivan
915,nm1789411,tt4050462,James Raynor
916,nm4834600,tt4050462,Jason Wright
917,nm3584324,tt4050462,Rubel Rafael Ahmed
918,nm6031788,tt4050462,Frank Appache
919,nm6483435,tt4050462,Zeke Arredondo
920,nm3364306,tt4050462,Thom Newell
921,nm3421748,tt4050462,Mark J. Blackman
922,nm3841612,tt4050462,Steven Hugh Nelson
923,nm3792014,tt4050462,David Bornstein
924,nm3450302,tt4050462,Maude Michaud
925,nm4542885,tt4050462,Evan Marlowe
926,nm4900080,tt4050462,Norman Bosse-Platière
927,nm4565575,tt4050462,Bobby Browne
928,nm4103143,tt4050462,Patrick Langille
929,nm2803289,tt4050462,Gus Krieger
930,nm3650490,tt4050462,Michael Kyne
931,nm4180242,tt4050462,Bo! Campbell
932,nm0133067,tt4050462,Paul Campion
933,nm8337607,tt4050462,Félix Catala
934,nm0340236,tt4050462,A Normale Jef
935,nm6494120,tt4050462,William Higo
936,nm3676681,tt4050462,James Chappell
937,nm2140234,tt4050462,Jeff Chitty
938,nm3849801,tt4050462,Josh Cook
939,nm3304591,tt4050462,Trevor Davies
940,nm6102773,tt4050462,Adrian G. de la Peña
941,nm4820663,tt4050462,Victor Druillet
942,nm0250080,tt4050462,Jay Wade Edwards
943,nm3573020,tt4050462,N. Andrew Elliot
944,nm6909004,tt4050462,James Farris
945,nm5226119,tt4050462,Matt Groves
946,nm5102243,tt4050462,L.M. Harter
947,nm5857982,tt4050462,Rosco Guerrero
948,nm3014779,tt4050462,Graham Hart
949,nm3355887,tt4050462,Chris Hebert
950,nm0293064,tt4050462,Shane Free
951,nm3302735,tt4050462,Brandon Hunt
952,nm3676959,tt4050462,Patrick Irving
953,nm5397665,tt4050462,Dan Fisk
954,nm9160937,tt4050462,Ryan Henry Knight
955,nm7403267,tt4050462,M.J. Koleszar
956,nm2607125,tt4050462,José Pedro Lopes
957,nm5276508,tt4050462,Dominic Mendez
958,nm5081043,tt4050462,Kate Fagan
959,nm6908362,tt4050462,Curt Dennis
960,nm4923896,tt4050462,Peter Murfet
961,nm3079464,tt4050462,Corey Norman
962,nm5063717,tt4050462,Lex Ortega
963,nm0653573,tt4050462,Craig Ouellette
964,nm4742776,tt4050462,David M. Dawson
965,nm5284956,tt4050462,David Royal
966,nm6313926,tt4050462,Melanie Coleman
967,nm1546474,tt4050462,Shane Ryan
968,nm3105759,tt4050462,Satinder Chumber
969,nm7153452,tt4050462,Dimitri Castiglioni
970,nm4323458,tt4050462,Rob Sales
971,nm2805638,tt4050462,J.D. Brown
972,nm4921301,tt4050462,Gav Chuckie Steel
973,nm1643943,tt4050462,Steven Bray
974,nm3341086,tt4050462,Ferran Brooks
975,nm3601272,tt4050462,Matt Stuertz
976,nm8372979,tt4050462,Timothy Thomas
977,nm1726235,tt4050462,Doug Turner
978,nm4964966,tt4050462,Chris Wells
979,nm3637687,tt4050462,Oliver Tietgen
980,nm3344916,tt4050462,R.J. Wilson
981,nm5379852,tt4050462,Jordan Wippell
982,nm0953511,tt4050462,Travis Zariwny
983,nm2371321,tt4050462,Richard S. Sargent
984,nm5619665,tt4050462,Daniel Tripod
985,nm3877467,tt4050462,Ruben Rodriguez
986,nm4673342,tt4050462,K. Pervaiz
987,nm1121352,tt4050462,Steven Payne
988,nm4718923,tt4050462,Brian Lockyer
989,nm6775503,tt4050462,Allan Harvey
990,nm4423404,tt4054186,Jiju Asokan
991,nm6787790,tt4055546,Jialiang Cheng
992,nm3389763,tt4056974,Anoop Kannan
993,nm3455772,tt4060244,Devin J. Dilmore
994,nm4156438,tt4060244,Gino Gaetano
995,nm6264147,tt4065346,Scott Rivers
996,nm0521803,tt4065552,Aku Louhimies
997,nm0945282,tt4065842,Yôji Yamada
998,nm0448768,tt4068576,Jennifer Kent
999,nm3266654,tt4068630,Omer Pasha
1000,nm0959255,tt4073166,Christian Zübert
1001,nm2673025,tt4075458,Boudewijn Koole
1002,nm0004784,tt4076980,Tony Bui
1003,nm6706960,tt4077618,Raquel Valadares
1004,nm1479219,tt4079142,Brad Barber
1005,nm3324150,tt4079142,Scott Christopherson
1006,nm2764093,tt4079566,Haibin Du
1007,nm4100405,tt4079804,Hamid Reza Aligholian
1008,nm6811488,tt4079804,Mahdieh Mirhabibi
1009,nm5455187,tt4079996,Olivia Wyatt
1010,nm0414889,tt4080832,Mandy Jacobson
1011,nm4360075,tt4081012,Steve Stone
1012,nm2254303,tt4082498,Miriam Zimmerman
1013,nm6814951,tt4084038,Murali Vishwa
1014,nm6816541,tt4085566,Ben Arend Reisman
1015,nm3145173,tt4097114,Ross Whitaker
1016,nm6826437,tt4097778,Caroline Neal
1017,nm1316831,tt4103686,Luciano Vidigal
1018,nm1485969,tt4103686,Cavi Borges
1019,nm1761181,tt4104014,Eric Badros
1020,nm4692819,tt4105274,Adi Harel
1021,nm6835185,tt4110722,James Twyman
1022,nm1554712,tt4110978,Nathan Hill
1023,nm1755525,tt4111262,Brandon Rose
1024,nm3233049,tt4113846,Christopher Di Nunzio
1025,nm5583307,tt4113916,Donald James Parker
1026,nm2945184,tt4114606,Jon Soldehed
1027,nm6842835,tt4119180,Sanjotha
1028,nm0774997,tt4120910,George Schouten
1029,nm1867303,tt4123216,Ryan Collins
1030,nm3335244,tt4123270,Michael Brewer
1031,nm1847908,tt4125710,James Marquand
1032,nm3158828,tt4126342,Mike Plunkett
1033,nm1609650,tt4126602,Krzysztof Kopczynski
1034,nm4637211,tt4131654,Marc Schoeberlein
1035,nm3347134,tt4135016,T.S. Slaughter
1036,nm1978171,tt4135932,Mike Scholtz
1037,nm1973622,tt4136162,Manu Gerosa
1038,nm4914875,tt4136732,Gerard Smyth
1039,nm2339107,tt4137262,Moniere
1040,nm1071617,tt4137714,Catherine Eaton
1041,nm2138501,tt4139160,Zeke Anders
1042,nm1427579,tt4141260,Po-Cheung Lee
1043,nm6862164,tt4141442,Kuo-Liang Chiang
1044,nm0996632,tt4141442,Singing Chen
1045,nm5155030,tt4141558,Marc Belhassen
1046,nm3057476,tt4141558,Eric Belhassen
1047,nm5496783,tt4150200,Floor van der Meulen
1048,nm2883174,tt4151102,Astrid Bussink
1049,nm0890626,tt4152950,Hermann Vaske
1050,nm2065321,tt4153324,Peter Grönlund
1051,nm6872965,tt4153602,Tyler Shane Seeley
1052,nm6872997,tt4153650,Alejandro Ramirez Anderson
1053,nm6513527,tt4154600,Dustin Britton
1054,nm2128244,tt4156646,Yoshihiro Fukagawa
1055,nm1387057,tt4157144,Santiago Rizzo
1056,nm1081230,tt4160470,Nanna Frank Møller
1057,nm0700334,tt4160650,Abraham Pulido
1058,nm0596618,tt4160784,Theis Molin
1059,nm1076006,tt4162484,Sylvain Bergère
1060,nm6881351,tt4162484,Etienne Rouillon
1061,nm4590245,tt4165076,José Pablo Porras
1062,nm0788488,tt4169716,David Shapiro
1063,nm1916151,tt4170536,Luke Oliver
1064,nm0428094,tt4173294,Gareth Jones
1065,nm1663144,tt4173938,Mohammed Naqvi
1066,nm5086646,tt4176748,Ricardo Machado
1067,nm5488251,tt4177972,Rick Harper
1068,nm4259204,tt4178850,Shaun Donnelly
1069,nm2841309,tt4182398,Joey Paras
1070,nm0332892,tt4183002,Stanislav Govorukhin
1071,nm6901818,tt4187392,Zaigham Imam
1072,nm2385602,tt4188436,Hank Bedford
1073,nm1069854,tt4190482,Mitsuhiro Mihara
1074,nm1553755,tt4192652,Alexandra McGuinness
1075,nm6907415,tt4193466,Alejo Di Paola
1076,nm0911505,tt4194054,Donal Lardner Ward
1077,nm1130801,tt4194184,Pål Winsents
1078,nm0580991,tt4198430,Luca Merli
1079,nm3071005,tt4198654,Nathan D. Myers
1080,nm0973124,tt4200600,Aaron N. Feldman
1081,nm1522692,tt4203158,Mariano Cattaneo
1082,nm6917714,tt4203990,Heather Angel Chandler
1083,nm0408099,tt4208830,Akiyoshi Imazeki
1084,nm6921515,tt4209084,Karoline Rugaard
1085,nm6957002,tt4209084,Sebastian Rai
1086,nm6926567,tt4214832,Kimberly Alexader
1087,nm6926568,tt4214832,Lawrence Porter
1088,nm2632319,tt4215724,Jim Wooden
1089,nm0941811,tt4216934,Sönke Wortmann
1090,nm3183052,tt4219156,Magali Bragard
1091,nm6929975,tt4219156,Séverine Enjolras
1092,nm6933615,tt4222630,Brendon Hargreaves
1093,nm1822616,tt4225478,Kieran Valla
1094,nm1471618,tt4226382,Jean-Luc André
1095,nm6937093,tt4227290,Christian Jaeger
1096,nm6422775,tt4227384,Kyung-man Kim
1097,nm1202716,tt4228810,Vincent Garenq
1098,nm3038620,tt4228832,Keith Lowell Jensen
1099,nm1743408,tt4229864,Adrian Cruz
1100,nm10336900,tt4230294,Zongqiang Wu
1101,nm2726242,tt4230796,Young-sun Yoo
1102,nm2856917,tt4235342,Ifa Isfansyah
1103,nm0156694,tt4235794,Laurent Chevallier
1104,nm0497422,tt4242392,Iara Lee
1105,nm2160362,tt4246420,Ruke Amata
1106,nm1457966,tt4250606,Farid Bentoumi
1107,nm4988347,tt4253376,Souvik Mitra
1108,nm0788376,tt4254260,Kirk Shannon-Butts
1109,nm4228121,tt4254306,Paul J. Lane
1110,nm1117808,tt4255098,Juan Carlos Cremata Malberti
1111,nm4497095,tt4255628,Julia Kowalski
1112,nm0726638,tt4257926,Patricia Riggen
1113,nm6961583,tt4259910,Tyler Hulett
1114,nm3283981,tt4260530,Anna Paone
1115,nm0187153,tt4262966,Tricia Creason-Valencia
1116,nm2801997,tt4264562,Jonas Frei
1117,nm6111465,tt4264562,Manuel Schweizer
1118,nm2947515,tt4264834,Brad Besser
1119,nm3234720,tt4265096,Peter James Iengo
1120,nm6965687,tt4265184,Georg Schönharting
1121,nm5601885,tt4265958,Otto Heikola
1122,nm5049246,tt4268966,Tatsuo Kobayashi
1123,nm3583958,tt4270858,David S. Lee
1124,nm3122510,tt4270858,Joselito Seldera
1125,nm2755093,tt4270858,Michael Callahan
1126,nm1375110,tt4270858,Corbin Frost
1127,nm3354593,tt4270858,Jeff Hersh
1128,nm3284500,tt4270858,Mark Kosin
1129,nm3020991,tt4270874,Carolina Hellsgård
1130,nm0711745,tt4271820,Mani Ratnam
1131,nm1245178,tt4275128,Danielle MacLean
1132,nm6979980,tt4282480,John McMillin
1133,nm5177110,tt4282872,Suneel Tripuraneni
1134,nm4295913,tt4283664,Timothy Wheeler
1135,nm6983038,tt4286202,Megan Segarra
1136,nm6983051,tt4286220,"Chia Jung Lee, Mido"
1137,nm2686359,tt4287344,Raafi Rivero
1138,nm4828026,tt4287924,Bjarne Sahlen
1139,nm6994185,tt4289188,Logan Hall
1140,nm6995731,tt4291166,Bahare Sadeghijam
1141,nm1659104,tt4295138,John Nicol
1142,nm6999593,tt4295546,Damien Postell
1143,nm7004389,tt4298624,Marc Hindelang
1144,nm7010175,tt4303934,Denise Richards
1145,nm7280604,tt4629058,Sushrut Bhagwat
1146,nm5443598,tt4629772,Mark Brown
1147,nm2653170,tt4636042,David Pablos
1148,nm2286504,tt4637832,Jared Show
1149,nm1548648,tt4644836,Henrique Couto
1150,nm2697779,tt4645156,Héctor Valdez
1151,nm1914712,tt4650410,Franziska Pohlmann
1152,nm2588618,tt4650738,Alejandro Fernández Almendras
1153,nm0651900,tt4654606,Mamoru Oshii
1154,nm0320326,tt4658722,Emanuela Giordano
1155,nm0610041,tt4659808,Catarina Mourão
1156,nm3930701,tt4660950,Kazarr
1157,nm4590358,tt4664460,Henry Johnston
1158,nm7112161,tt4665486,Victor Gonca
1159,nm7312560,tt4668358,Graça Castanheira
1160,nm0806492,tt4669186,Leslie Small
1161,nm1103162,tt4669186,Tim Story
1162,nm0349747,tt4669624,Marcos Guttmann
1163,nm0851390,tt4670670,Sergio Tau
1164,nm1101310,tt4675370,Jackie van Beek
1165,nm0053315,tt4679954,Michel Barbeau
1166,nm7322837,tt4680074,Marie-Andrée Mauger
1167,nm3125138,tt4680634,Liz Courtney
1168,nm7325220,tt4682888,Dakota Lanktree
1169,nm0706888,tt4683668,Daniel Raim
1170,nm1338150,tt4685040,Steve Thomas
1171,nm0043953,tt4685750,Nabil Ayouch
1172,nm1596592,tt4685940,Mario Sorrenti
1173,nm2671965,tt4686132,Khalik Allah
1174,nm5402349,tt4689094,Marijn Poels
1175,nm0510623,tt4690052,Walter Lima Jr.
1176,nm0078925,tt4693720,Eve Best
1177,nm0568396,tt4694870,Andrew Repasky McElhinney
1178,nm2001987,tt4695498,Nickolaus Swedlund
1179,nm6443192,tt4695864,Melina Marcow
1180,nm3778538,tt4695864,Rocío Caliri
1181,nm7336707,tt4696312,Sam Davey
1182,nm2559488,tt4697076,Deva Katta
1183,nm1883257,tt4698584,Pablo Larraín
1184,nm0785515,tt4699534,David Serrano
1185,nm7343063,tt4701840,Hitesh Sharma
1186,nm5679719,tt4702306,E. Albert Bansom
1187,nm4776052,tt4702568,Arne Körner
1188,nm0208583,tt4712042,Diego de Godoy
1189,nm0675857,tt4712042,Rodrigo Pesavento
1190,nm5238503,tt4714832,Carolin Genreith
1191,nm2817499,tt4715138,Maike Conway
1192,nm0000694,tt4715652,Wim Wenders
1193,nm2126054,tt4719498,Sol de Carvalho
1194,nm1416035,tt4720284,Jude Klassen
1195,nm5248659,tt4720724,Christopher Kim
1196,nm4056136,tt4724178,Hans Olson
1197,nm2270180,tt4727512,Koratala Siva
1198,nm0116511,tt4729766,Massimiliano Bruno
1199,nm7368492,tt4732080,Ben Evans
1200,nm2132962,tt4737564,Peter West
1201,nm0310168,tt4738360,Nils Gaup
1202,nm0001287,tt4738776,Heather Graham
1203,nm4083310,tt4744138,Joseph Aguon Drake
1204,nm5423873,tt4759912,Ashley Matt
1205,nm1252884,tt4761270,Andrey Proshkin
1206,nm2122010,tt4762698,Munenori Nagano
1207,nm3708537,tt4765414,Giuseppe Papasso
1208,nm3866538,tt4766604,Aron Lehmann
1209,nm0825973,tt4766630,Michael Steiner
1210,nm1199367,tt4767428,Sohail A. Hassan
1211,nm2210276,tt4767850,Neil Edwards
1212,nm7303097,tt4773114,Baptiste Herment
1213,nm5568699,tt4776604,Marianna Bukowski
1214,nm7395580,tt4777408,Wong Kew-Lit
1215,nm2444148,tt4779206,Patrick Osborne
1216,nm0357628,tt4781490,Mat Hames
1217,nm1804622,tt4789550,Danny Alpert
1218,nm3680320,tt4789550,Greg Jacobs
1219,nm1066575,tt4789550,Jon Siskel
1220,nm7403923,tt4789670,Michael Webb
1221,nm7115127,tt4790032,Ambrogio Crespi
1222,nm7038369,tt4790032,Sergio Rubino
1223,nm3402076,tt4790304,Dante Alencastre
1224,nm7404434,tt4790304,Joe Castel
1225,nm3231629,tt4795398,Shaun Benton
1226,nm7409893,tt4796094,Kyle Yount
1227,nm3714214,tt4796362,Karma Sangay
1228,nm0583287,tt4797082,Muffie Meyer
1229,nm5759080,tt4798246,Yale Fried
1230,nm6701121,tt4798436,Willie Olwage
1231,nm6041881,tt4799080,Vega Darling
1232,nm1314203,tt4799698,De Gaulle Eid
1233,nm1387060,tt4799794,Vito Robbiani
1234,nm7413316,tt4800282,Atsushi Urabe
1235,nm7413885,tt4800708,Arun Shekhar
1236,nm7414504,tt4801480,Sunny Yu
1237,nm3723965,tt4805606,Myriam El Hajj
1238,nm5387534,tt4807398,Marishka Phillips
1239,nm4628031,tt4808014,Adrien Lecouturier
1240,nm1900923,tt4808024,Maud Alpi
1241,nm7031421,tt4809482,Jake O'Hare
1242,nm7418048,tt4809482,Jennifer Sturley
1243,nm2570831,tt4810828,Stefan Butzmühlen
1244,nm5794009,tt4814354,Jingming Guo
1245,nm2773361,tt4817008,Joseph Varhola
1246,nm7422148,tt4817048,Manas Saikia
1247,nm3539004,tt4817466,Jessica Scalise
1248,nm6315132,tt4819032,Jean Breschand
1249,nm7425871,tt4820526,Amir Pohan
1250,nm7426076,tt4820708,Gabriel Auffant
1251,nm1932747,tt4822962,Silver Chung
1252,nm0005522,tt4824316,Mario Van Peebles
1253,nm3554921,tt4826184,Takashi Miura
1254,nm3555190,tt4826184,Takuya Dairiki
1255,nm7442981,tt4826714,Kevin Baker
1256,nm7428633,tt4826742,Mehran Amrohi
1257,nm0065663,tt4828328,James Becket
1258,nm6214677,tt4829048,Chris Cotter
1259,nm5370659,tt4830606,Jordan Cann
1260,nm2850672,tt4834156,Richard Groen
1261,nm6482403,tt4834764,Karolina Bielawska
1262,nm3093141,tt4839258,Andreï Schtakleff
1263,nm5772401,tt4842302,Anne-Laure Wagret
1264,nm6914523,tt4842524,Ray Kermani
1265,nm2367198,tt4844130,Ken Ochiai
1266,nm7444528,tt4844146,Sebastian Masuda
1267,nm0530880,tt4847090,Nicole Ma
1268,nm0680453,tt4848702,Hilary Phillips
1269,nm3958293,tt4854296,Banu Alagoz
1270,nm5584897,tt4854650,Sean Laera
1271,nm6815988,tt4860402,Janos Killius
1272,nm7338129,tt4862802,Hyun-jung Lee
1273,nm1959662,tt4865436,Vishal Pandya
1274,nm3924881,tt4875542,Joseph Lisa
1275,nm6491307,tt4875652,Primo Brown
1276,nm1731021,tt4875830,Maryann Manelski
1277,nm7470465,tt4877526,Pj Mills
1278,nm6005643,tt4877594,Diego Silva Acevedo
1279,nm4571084,tt4877594,Héctor Melgares
1280,nm7471335,tt4878458,Simeon Soffer
1281,nm3703371,tt4882708,Aaron Kamp
1282,nm0188027,tt4883336,Nancy Criss
1283,nm7474679,tt4883766,Daniel Andreas Sager
1284,nm1302561,tt4884996,Alexandre Stockler
1285,nm7478938,tt4888740,Viswan
1286,nm0336979,tt4891592,Tim Gray
1287,nm2495588,tt4896758,Frank Sun
1288,nm0938939,tt4898598,Arthur Wong
1289,nm1137289,tt4898726,Brillante Mendoza
1290,nm0950834,tt4898726,Isao Yukisada
1291,nm1315898,tt4898726,Kulikar Sotho
1292,nm0921837,tt4899426,Dominik Wessely
1293,nm3143464,tt4901514,Antoine Viviani
1294,nm3236766,tt4901802,Adam Uryniak
1295,nm2183395,tt4906896,Rajkumar R. Pandey
1296,nm7491872,tt4907252,Jagdish Waghela
1297,nm3076383,tt4907258,Ranjeet Gupta
1298,nm0209948,tt4908040,Fabio De Luigi
1299,nm3249621,tt4908678,Derek Shiel
1300,nm6387408,tt4914202,Marv Leake
1301,nm3538441,tt4914282,Jeff Dull
1302,nm5553020,tt4914314,Shayna Cohen
1303,nm0341229,tt4916030,Jerry Griffin
1304,nm3738005,tt4917250,Mariana Mo Jäger
1305,nm5985086,tt4917250,Sebastian Wotschke
1306,nm7499733,tt4917250,Damian Weber
1307,nm5037352,tt4917250,Lionel Poutiaire Somé
1308,nm4293974,tt4917250,Dragana Jovanovic
1309,nm7499730,tt4917250,Evgenya Filippova
1310,nm7198803,tt4917250,Tian Dong
1311,nm0755158,tt4919484,Ira Sachs
1312,nm5485571,tt4919926,Tobias Reeuwijk
1313,nm6832369,tt4921860,Gurmeet Ram Rahim Singh
1314,nm4873470,tt4923558,Elliot Weaver
1315,nm4873574,tt4923558,Zander Weaver
1316,nm3599318,tt4926320,Amy Kenney
1317,nm3113346,tt4926490,Andrea Segre
1318,nm4784100,tt4926656,Jimmy Kelly
1319,nm2016696,tt4928814,Daisy Aitkens
1320,nm1267569,tt4932388,Francesco Amato
1321,nm7510330,tt4932624,Balaji
1322,nm3874202,tt4935306,Florian Eidenhammer
1323,nm7512924,tt4935306,Patrick Guendera
1324,nm3159880,tt4935418,Can Evrenol
1325,nm2435337,tt4935746,Daniel Castro Zimbrón
1326,nm4132885,tt4936122,Daouda Coulibaly
1327,nm0255528,tt4937178,Danae Elon
1328,nm1719934,tt4937882,Pascale Bodet
1329,nm0315074,tt4938662,Roberto Gervitz
1330,nm2241019,tt4938930,Mehmet Eryilmaz
1331,nm7516472,tt4939078,Jamie Santamore
1332,nm7517125,tt4939928,Lyn McMullan
1333,nm7517475,tt4940528,Tibor Czeily
1334,nm4532292,tt4940784,Natasha Dematra
1335,nm0188335,tt4947710,Max Croci
1336,nm4417715,tt5556058,Nick Attin
1337,nm8004199,tt5559442,Doddy Fa
1338,nm2755293,tt5562054,Matthew C. Johnson
1339,nm7284015,tt5565522,Megan S. Smith
1340,nm8009483,tt5566684,Patrick Siegfried Zimmer
1341,nm0821177,tt5566684,Robert Stadlober
1342,nm1109287,tt5571594,Eric Goldfarb
1343,nm5361224,tt5571594,Erik Howell
1344,nm8015419,tt5572792,Rosa Salido Serrano
1345,nm5422983,tt5572884,Mohamad Issack
1346,nm0699372,tt5574372,Chris Prynoski
1347,nm2500541,tt5579982,Castille Landon
1348,nm1279830,tt5580806,Steven Johnson
1349,nm7842484,tt5583866,Daisuke Ono
1350,nm0872538,tt5588280,Nik Triantafyllidis
1351,nm4765978,tt5589660,Akshay Singh
1352,nm7859137,tt5590026,Ruturaj Dhalgade
1353,nm8031833,tt5591946,Goutham Kanade
1354,nm7996652,tt5592228,Nicholas Connor
1355,nm0151535,tt5592728,T.V. Chandran
1356,nm4807465,tt5592878,Paul Urkijo Alijo
1357,nm1823803,tt5593384,Tanel Toom
1358,nm6419195,tt5594970,Douglas Reese
1359,nm8035420,tt5595032,Taylor Montemarano
1360,nm7184981,tt5595032,Shaylee Gomes
1361,nm2525174,tt5595032,Michael Lawrence
1362,nm6822270,tt5595032,Lorenzo DeCampos
1363,nm1266863,tt5596104,Ben Rekhi
1364,nm6161881,tt5602466,Aswar Rahman
1365,nm0947303,tt5602560,Hung-Wei Yeh
1366,nm6405814,tt5603106,Chao Wang
1367,nm8043198,tt5603106,Doug Chan
1368,nm5482866,tt5603106,António Caetano Faria
1369,nm6370628,tt5603596,Rich Praytor
1370,nm2747780,tt5603810,Phillip Gara
1371,nm6676672,tt5606614,Xiao-Xi Zhao
1372,nm8049400,tt5609524,Willie Baronet
1373,nm8049401,tt5609524,Tim Chumley
1374,nm8051476,tt5611190,Marsel Valeev
1375,nm8051475,tt5611190,Alexander Stabrovski
1376,nm8051489,tt5611206,Marco Girolami
1377,nm3614278,tt5611218,Mariano Aiello
1378,nm1452843,tt5611936,Adrián López
1379,nm1449395,tt5613022,Youssef Britel
1380,nm0510738,tt5614236,Felix Limardo
1381,nm2750788,tt5624040,Anish Varma
1382,nm2918593,tt5624252,Michael Beattie
1383,nm4965842,tt5625434,Samone Norsworthy
1384,nm0848542,tt5630122,Flávio Ramos Tambellini
1385,nm7289463,tt5630484,Nathan Fitch
1386,nm1149322,tt5634088,Rupert Jones
1387,nm1018712,tt5636474,Michael Pfeifenberger
1388,nm7615374,tt5637650,Jens Goossens
1389,nm0756935,tt5637736,Michael O. Sajbel
1390,nm6337069,tt5638952,Mariam Khatchvani
1391,nm4593873,tt5641202,Ngoc Dang Vu
1392,nm2373304,tt5641832,Márk Kostyál
1393,nm3378941,tt5642320,Manuel Abramovich
1394,nm1954072,tt5644740,Jae-rim Han
1395,nm8079191,tt5644794,Amin Bakhshian
1396,nm4033149,tt5644794,Kyla Simone Bruce
1397,nm1804461,tt5644904,Elio Espana
1398,nm3655902,tt5646076,Rodolfo Loyola
1399,nm0448225,tt5646082,Michael Kennedy
1400,nm0935863,tt5647250,Michael Winterbottom
1401,nm8085818,tt5650964,Dale Beaumont-Brown
1402,nm0049366,tt5655428,Javier Balaguer
1403,nm8091492,tt5657106,Gilberto Gonzalez
1404,nm3025802,tt5657446,Sheron R. Dayoc
1405,nm0951975,tt5657856,S. Craig Zahler
1406,nm4770671,tt5663166,Sol Bolloqui
1407,nm1961361,tt5663166,Lucía Salas
1408,nm4770336,tt5663166,Fermín Eloy Acosta
1409,nm3885082,tt5663804,Galia Barkol
1410,nm4732958,tt5664076,Kyle Romanek
1411,nm5129310,tt5666392,Sofia Wellman
1412,nm8092448,tt5667952,Clay Moffatt
1413,nm1214912,tt5668056,Mike Breyer
1414,nm2958840,tt5669278,Hilda Hidalgo
1415,nm6978240,tt5669322,Georgia Ball
1416,nm6270522,tt5677720,Genc Berisha
1417,nm7409526,tt5678262,Annika Berg
1418,nm1033668,tt5680744,Ariel Winograd
1419,nm7977109,tt5680948,Diana Trejo
1420,nm2308781,tt5684606,Nelson Hoineff
1421,nm3824126,tt5684640,Alfredo Federico
1422,nm8116460,tt5687014,Massimiliano Mazza
1423,nm4827240,tt5689680,Ayse Kalmaz
1424,nm2557052,tt5689680,Marcel Kolvenbach
1425,nm3357945,tt5691550,Yanillys Perez
1426,nm8124331,tt5698044,Devendra Prem
1427,nm2272926,tt5698320,Lisa Langseth
1428,nm0994412,tt5698764,Pascal Sanchez
1429,nm0777168,tt5699828,Bruce Schwartz
1430,nm7377527,tt5701814,Aleksandr Balagura
1431,nm1394612,tt5705422,Nadine Pequeneza
1432,nm5201307,tt5711130,Scott Alan Richards
1433,nm3844710,tt5711130,Nia Andrade
1434,nm8134243,tt5711130,Ryan Brennek
1435,nm3730084,tt5711130,Julie Brett
1436,nm7421328,tt5711130,Nick Dragon
1437,nm3589751,tt5711130,Rollo Girando
1438,nm7507615,tt5711130,Daniel Greenwald
1439,nm7928407,tt5711130,Andrew Greer
1440,nm7509342,tt5711130,Jonathan Gutierrez
1441,nm3725731,tt5711130,Eric Iglesias
1442,nm7507618,tt5711130,Tai-Lynia Jones
1443,nm6230496,tt5711130,Miles Massey
1444,nm3872184,tt5711130,Allison McCulloch
1445,nm8134234,tt5711130,Ryan D. Richardson
1446,nm1497731,tt5711130,Joe Shapiro
1447,nm4603060,tt5711130,Deven Spencer
1448,nm7907264,tt5711130,Bryan Stamp
1449,nm7976061,tt5711130,Delaney Vance
1450,nm4928501,tt5711130,Dillon Wilson
1451,nm7671724,tt5711130,Megan J. Wilson
1452,nm5815849,tt5713532,Susanna Lira
1453,nm4215931,tt5713960,Ryan Katzenbach
1454,nm0055369,tt5714458,Anthony Barnao
1455,nm3290080,tt5718108,Eric Pauls
1456,nm0952998,tt5723576,Tonino Zangardi
1457,nm7309078,tt5731018,Angeline Walsh
1458,nm5571284,tt5731468,Joe Haugh
1459,nm2595116,tt5734204,Nino Leitner
1460,nm5058894,tt5734266,Alyandra
1461,nm8155862,tt5736746,Madison Bakich
1462,nm8156457,tt5737278,Hugo R. Pedroza
1463,nm1623063,tt5737342,Alyssa Moran
1464,nm1025058,tt5739466,Shane P. Allen
1465,nm6264179,tt5742306,Navid Mahmoudi
1466,nm4789251,tt5743430,K.R. Manoj
1467,nm7227184,tt5747732,Adam Fagan
1468,nm8166943,tt5749852,Tebana Masoni
1469,nm5054883,tt5750534,Alexi Pappas
1470,nm3794230,tt5750534,Jeremy Teicher
1471,nm8166256,tt5754092,Dieter Spears
1472,nm1057019,tt5754492,Pete Schuermann
1473,nm4573492,tt5754924,Amanda Walsh
1474,nm5156926,tt5755280,Devon Downs
1475,nm2632302,tt5755280,Kenny Gage
1476,nm5500017,tt5757620,Ben Akers
1477,nm8172822,tt5757940,Kathy Thompson
1478,nm8173971,tt5759656,Ridham Janve
1479,nm5687229,tt5761812,Bruny Telfort
1480,nm2663291,tt5766866,Cris Azzi
1481,nm2701037,tt5766866,Luiz Felipe Fernandes
1482,nm0245500,tt5767236,John Dwyer
1483,nm8182285,tt5769420,Kenta Suzuki
1484,nm8183891,tt5771198,Heather Fassio
1485,nm8115875,tt5771330,Shanon Lee
1486,nm0000916,tt5771354,Peter Berg
1487,nm5122915,tt5772078,Lalit Bhusal
1488,nm5807090,tt5772992,Philippe Carillo
1489,nm4812962,tt5774184,Todd Sansom
1490,nm2764304,tt5776208,Takanori Tsujimoto
1491,nm8173657,tt5776460,Anthony Raus
1492,nm8189062,tt5776908,Jimmy Castro
1493,nm8191485,tt5779358,Theresa Desalvio
1494,nm5321363,tt5779960,George Climer
1495,nm7199643,tt5781220,Colten Dietz
1496,nm6465652,tt5781938,Vivienne Smith
1497,nm2276572,tt5782038,Drew Kochera
1498,nm5686778,tt5783250,Klaudia Reynicke
1499,nm3797575,tt5785116,Srijit Mukherji
1500,nm1516559,tt5789196,Joanne Storkan
1501,nm3243151,tt5789196,Ryan White
1502,nm8200796,tt5789870,Alek Skye
1503,nm2081164,tt5792256,Roberto Angel Salcedo
1504,nm1847672,tt5792892,Theresa Jessouroun
1505,nm3311046,tt5794120,Jacquelyn Mills
1506,nm3341538,tt5799566,Raditya Dika
1507,nm8209835,tt5800220,Navi Bala
1508,nm2081348,tt5805876,Hilton Ariel Ruiz
1509,nm6394406,tt5806218,J. Alan Nelson
1510,nm2099491,tt5807330,Paul Solet
1511,nm8216997,tt5808806,Kay Jayakumar
1512,nm8177428,tt5808862,Tom Stavely
1513,nm3497059,tt5810162,Marcos Craveiro
1514,nm4191324,tt5810740,Leo Horrigan
1515,nm0899872,tt5812090,Frank Vitale
1516,nm0879559,tt5815492,Ferenc Török
1517,nm1830380,tt5816374,Zoe Lister-Jones
1518,nm7927943,tt5816936,Jason Phelps
1519,nm8226705,tt5818264,Mariano Agudo
1520,nm3701090,tt5820566,Sharie Vance
1521,nm8228984,tt5820816,Anna Kruglova
1522,nm1644099,tt5820880,Luciana Canton
1523,nm2043837,tt5822160,Samuli Valkama
1524,nm4244741,tt5824110,Morten K. Vebjørnsen
1525,nm5056902,tt5824826,Tharun Bhascker Dhaassyam
1526,nm1500658,tt5828388,Ari Taub
1527,nm2317211,tt5830556,Michael Tuviera
1528,nm8257992,tt5830740,Ivan Hexter
1529,nm1924647,tt5833106,Oliver Clifton
1530,nm6247691,tt5833986,Fabian Guerra
1531,nm1520389,tt5834088,Tai Uhlmann
1532,nm8242215,tt5834914,Lindsay Daniels
1533,nm3137125,tt5842696,Laura Bari
1534,nm4986279,tt5842722,Alexandre Ferrini
1535,nm3719132,tt5844340,Sean Buttimer
1536,nm8233672,tt5847416,PSE
1537,nm0457627,tt5848362,Mark Kitchell
1538,nm8258350,tt5850606,Marcelo Ernandez
1539,nm0691061,tt5853124,Jim Wynorski
1540,nm6594610,tt5856530,Eldar Bogunov
1541,nm0888021,tt5859332,Bram van Splunteren
1542,nm8266660,tt5860656,Lorie Doucette
1543,nm8266659,tt5860656,Lauren Wadelius
1544,nm5764522,tt5860858,Róbert V. Bodnár
1545,nm0615482,tt5862296,Ana Murugarren
1546,nm1130592,tt5864144,Michael Saquella
1547,nm8270737,tt5865114,Jauchen Wu
1548,nm3281183,tt5866296,Daisuke Miyazaki
1549,nm7553935,tt5868900,Kai Freyleue
1550,nm8275314,tt5869654,Wei Libin
1551,nm3861021,tt5870006,Lynn Moody
1552,nm8276521,tt5870834,Maayan Schwartz
1553,nm0030735,tt5871080,Nimród Antal
1554,nm0408086,tt5871184,Takashi Imanishi
1555,nm2979915,tt5873990,Sam Benstead
1556,nm8279724,tt5874148,Khodadad Jalali
1557,nm8938582,tt6806312,Maximo Gonzalez
1558,nm1757064,tt6806974,Josh Turnbow
1559,nm8939790,tt6808038,Arun Vaiga
1560,nm8878662,tt6811166,Joshia Lydon
1561,nm1411329,tt6814214,Ask Hasselbalch
1562,nm8943907,tt6814702,Renzo Carbonera
1563,nm2009032,tt6819642,Ruben Kochar
1564,nm8947141,tt6819658,David Pareja
1565,nm1020835,tt6820256,Joe Penna
1566,nm8948667,tt6822022,Eileen Hofer
1567,nm7842204,tt6823184,Thomas Simonin
1568,nm2823469,tt6826356,Stefan Wolner
1569,nm3120981,tt6827222,Ing K.
1570,nm4464473,tt6840618,Sophie Song
1571,nm8959866,tt6840618,David LI
1572,nm3773771,tt6843652,Jorge Torres-Torres
1573,nm8962158,tt6843832,Nicolas Christian
1574,nm4261131,tt6843876,David Maye
1575,nm8962747,tt6844426,Philippe Franck
1576,nm8962746,tt6844426,Anne-Laure Chamboissier
1577,nm3751342,tt6847444,Ehsan Knopf
1578,nm8965682,tt6848470,António Bento Palma
1579,nm8965718,tt6848546,Itako
1580,nm4385724,tt6849786,Matt Maude
1581,nm0449884,tt6849786,Sarah Kerruish
1582,nm5146701,tt6850702,Josef Tuka
1583,nm1030782,tt6854672,Katarina Launing
1584,nm8971379,tt6856182,Andrew Walton
1585,nm1151848,tt6856718,Jonathan Zuck
1586,nm1443502,tt6857112,Jordan Peele
1587,nm8973385,tt6859022,Miguel Archer
1588,nm0659527,tt6859748,Marie-Hélène Panisset
1589,nm8974639,tt6861304,Fernando Vidal
1590,nm8974638,tt6861304,Beatriz Arranz
1591,nm1919480,tt6868594,Edouard Salier
1592,nm0813848,tt6868684,Hans Somers
1593,nm0284759,tt6869362,Patricia Font
1594,nm8985680,tt6877484,Boris Kreuter
1595,nm1867458,tt6877562,Sonny Mallhi
1596,nm1169526,tt6884380,Patrick Wang
1597,nm1387503,tt6886080,Martha Stephens
1598,nm1297226,tt6887352,Claudio Costa
1599,nm6518536,tt6893214,Jimmy Humphrey
1600,nm8996707,tt6896284,Zsolt Ruszthi
1601,nm1093900,tt6897150,Bobbito Garcia
1602,nm8999376,tt6901254,Ani Schroeter
1603,nm0276400,tt6903636,Sophie Fiennes
1604,nm1090212,tt6905442,Alex Keledjian
1605,nm9002405,tt6905490,Borislav Pavlof
1606,nm0535734,tt6909024,Germán Magariños
1607,nm7670069,tt6910396,Greta Stocklassová
1608,nm6680299,tt6912010,Ben Holman
1609,nm4423980,tt6913400,Anthony Williams
1610,nm4667659,tt6920132,Pawel Debski
1611,nm9011021,tt6920132,Anne Magnussen
1612,nm3038411,tt6923698,Alan Lambert
1613,nm8971368,tt6926236,Sunkanmi Adebayo
1614,nm5488028,tt6927522,Chen Sha
1615,nm9015872,tt6928110,Hani Kafoury
1616,nm3465403,tt6933132,Jeff Lyon
1617,nm9019194,tt6935728,Gregg Lachow
1618,nm0872287,tt6938712,Eric Tretbar
1619,nm1398739,tt6941654,Ruchi Narain
1620,nm6415684,tt6941878,Pablo Stigliani
1621,nm1346720,tt6942526,Lisen Lindahl
1622,nm7845804,tt6944060,Joshy Thomas Pallickal
1623,nm9027785,tt6949882,Amit Barot
1624,nm2290618,tt6953034,Stephen Robert Morse
1625,nm8352149,tt6953034,Nick Hampson
1626,nm5020063,tt6956114,Richard Connew
1627,nm9031593,tt6956892,Trey Seal
1628,nm6342685,tt6960234,Kai Zastrow
1629,nm5645215,tt6962162,Guillaume Orignac
1630,nm3258280,tt6962340,Anand Vrs Tomar
1631,nm2996364,tt6966774,Sepehr Mikaeilian
1632,nm0681335,tt6977650,Mario Piazza
1633,nm2077589,tt6981030,Caroline Jules
1634,nm2543818,tt6982104,Giuseppe Stasi
1635,nm5189098,tt6982104,Giancarlo Fontana
1636,nm7385963,tt6992706,Maurício Costa
1637,nm9055168,tt6998562,Gautham V.R.
1638,nm9034455,tt6998980,Gheorghe Dinu
1639,nm9055945,tt6999742,Suyan Hu
1640,nm0088392,tt7001792,Michael Blieden
1641,nm9058915,tt7006206,Amalie Næsby Fick
1642,nm0503497,tt7006206,Jørgen Lerdam
1643,nm3860992,tt7006206,Philip Einstein Lipski
1644,nm5279306,tt7007554,Nejc Furlan
1645,nm9061668,tt7010814,Ludmila Klintcova
1646,nm8070117,tt7012730,Zara Meerza
1647,nm0149260,tt7018010,Alain Chabat
1648,nm7391584,tt7020192,Sanghamitra Chowdhury
1649,nm0690787,tt7025412,Hans Pool
1650,nm1103151,tt7031058,Carlos Nader
1651,nm6288031,tt7034780,Anders Rundberg
1652,nm1178999,tt7034780,Leo Palmestål
1653,nm0161152,tt7039862,Oxide Chun Pang
1654,nm0152640,tt7049542,Joe Chappelle
1655,nm1864696,tt7050140,Eddie Martin
1656,nm9085186,tt7054916,Kenneth Hall
1657,nm3302806,tt7055784,David Bickerstaff
1658,nm3153264,tt7059352,Moses
1659,nm9109768,tt7066018,S.M.C. Silva
1660,nm5834593,tt7069672,Delia Ruffin
1661,nm9093200,tt7069672,Nicolas Wood
1662,nm1327673,tt7081216,Marq Morrison
1663,nm9099456,tt7081216,Ren Morrison
1664,nm8944757,tt7081800,Chinecherem Eze
1665,nm9104076,tt7081800,Akendeu Opportune
1666,nm9100564,tt7083796,Masaya Miyama
1667,nm4260440,tt7085440,Amber Sharma
1668,nm9103056,tt7087954,M. Anbazhagan
1669,nm4568536,tt7090040,Stephanie McBain
1670,nm9108187,tt7098270,Myat Noe
1671,nm1885619,tt7101994,Jose Barajas
1672,nm3344353,tt7108744,Dylan K. Narang
1673,nm5936070,tt7111402,Hamed Mohammadi
1674,nm7025899,tt7111640,Suriyan
1675,nm5028357,tt7111818,Emir Baigazin
1676,nm1699703,tt7112514,Özer Kiziltan
1677,nm9116588,tt7115822,Anja Dalhoff
1678,nm0023859,tt7117354,Keita Amemiya
1679,nm9118143,tt7119414,Esir Mmanga
1680,nm0207435,tt7122102,Volfango De Biasi
1681,nm9121515,tt7124740,C V Nandeeshwar
1682,nm9124386,tt7124744,Ya-xuan Yuan
1683,nm9125993,tt7131104,John Theissen II
1684,nm4829550,tt7133510,Subratanath Mukhopadhyay
1685,nm1098726,tt7136436,Milorad Milinkovic
1686,nm9130739,tt7137396,Craig E. Thomas
1687,nm9132782,tt7140942,LeeAnn Dance
1688,nm0352395,tt7140942,Cliff Hackel
1689,nm0004258,tt7144978,Pino Ammendola
1690,nm1145904,tt7144978,Rosario Montesanti
1691,nm3912583,tt7146372,Romane Simon
1692,nm5370659,tt7146372,Jordan Cann
1693,nm9137310,tt7147856,Mandar Devsthali
1694,nm2660940,tt7149626,Carlton Byrd
1695,nm5764044,tt7151040,Jia-Ru Peng
1696,nm5508889,tt7151040,Li-Chun Lai
1697,nm9139931,tt7151508,Adrienne Gittus
1698,nm9143362,tt7156478,Garth Thomas
1699,nm3029525,tt7158316,Arbaaz Khan
1700,nm0170504,tt7159010,Clifton Ko
1701,nm1420683,tt7160070,Yong-hwa Kim
1702,nm5276483,tt7162390,Svyatoslav Podgaevskiy
1703,nm9149070,tt7165786,Michael Corcoran
1704,nm8805972,tt7166772,Priyanka
1705,nm1000571,tt7169096,Samuel Chalard
1706,nm0565981,tt7180088,Detdrich McClure
1707,nm2842955,tt7180386,Martina Rieder
1708,nm2842644,tt7180386,Karoline Arn
1709,nm3028867,tt7180392,Yi-chi Lien
1710,nm4951646,tt7189348,Riccardo Palladino
1711,nm3774979,tt7189780,Joel Ferrer
1712,nm0689789,tt7192180,Mark Polonia
1713,nm0542023,tt7204006,Antonio Manetti
1714,nm0542029,tt7204006,Marco Manetti
1715,nm6533684,tt7205008,Emily Kassie
1716,nm6131704,tt7205588,Gretel Marín
1717,nm4056869,tt7206600,Daniel Chisholm
1718,nm0411693,tt7210244,Hidehiro Ito
1719,nm8752195,tt7211590,Ryan A. Renfro
1720,nm6066182,tt7213338,Adam Thorn
1721,nm3827448,tt7221956,Michele Williams
1722,nm0529290,tt7222648,Rolf Lyssy
1723,nm3592706,tt7224584,Tom Wyrsch
1724,nm9183654,tt7225360,Teoman Gündüz
1725,nm9149734,tt7227832,Shanzeb Khan
1726,nm2217565,tt7228150,Oliver Kyr
1727,nm9186574,tt7229862,Ferdous Reza
1728,nm9187401,tt7230772,Alba Azaola
1729,nm9187400,tt7230772,Daniel Carrasco
1730,nm1108291,tt7232394,Anne Alix
1731,nm0033273,tt7234936,Yaron Arazi
1732,nm1171959,tt7237666,Elissa Down
1733,nm6640071,tt7238958,Jukka Nieminen
1734,nm7962766,tt7240524,Vladimir Bilenjki
1735,nm5715502,tt7244730,Constanza Gallardo
1736,nm9196844,tt7245428,Ehsan Naji
1737,nm7274239,tt7245458,Eric Liner
1738,nm5912985,tt7247410,Arul Suriakannu
1739,nm3532628,tt7250474,Shun Konii
1740,nm9200445,tt7250526,Mohammed Jaffer
1741,nm3367478,tt7253216,Alex Lutz
1742,nm7273291,tt7254868,Hem Raj B.C.
1743,nm2684654,tt7254888,Aaron Burns
1744,nm9205490,tt7258822,Linda C. Lewis
1745,nm8891319,tt7259594,Bobak Kalhor
1746,nm9206092,tt7259638,Kathrin Anderson
1747,nm3699447,tt7260830,Laurits Flensted-Jensen
1748,nm7273758,tt7260834,Jette Bitten Glibstrup
1749,nm3134191,tt7263806,Simon King
1750,nm0127373,tt7264080,Louis C.K.
1751,nm2568853,tt7266478,Simon Winchcombe
1752,nm1221055,tt7268402,Yûichi Kimura
1753,nm6579755,tt7268548,Isa Micklitza
1754,nm7184115,tt7270676,Aleksandr Stekolenko
1755,nm4041378,tt7270676,Tania Khodakivska
1756,nm9212928,tt7271974,David Coatney
1757,nm9213419,tt7272554,Steve Wynn
1758,nm1320381,tt7273532,Vijayakrishnan
1759,nm8569423,tt7277354,Brett Droege
1760,nm9216408,tt7277674,Remy Fink
1761,nm9219646,tt7282324,Belle Harmon
1762,nm2264823,tt7286562,Boyapati Srinu
1763,nm10610423,tt7295324,Uche Chukwu
1764,nm0162166,tt7296234,Milan Cieslar
1765,nm9229068,tt7297818,Madison Bounds
1766,nm1318393,tt7297954,Anahí Berneri
1767,nm0422605,tt7298400,Zhangke Jia
1768,nm3551258,tt7299390,Toshihiro Gotô
1769,nm2028460,tt7310916,Ben DeJesus
1770,nm4841738,tt7316358,Matthew Brown
1771,nm3681385,tt7316968,Jordan F. Ghanma
1772,nm1351898,tt7319374,Kansas Bowling
1773,nm7344865,tt7325264,Gizem Ibak
1774,nm8166508,tt7326186,Francisco Matias
1775,nm7362111,tt7329584,Edward B. Franke
1776,nm9250411,tt7331908,Seok-Hwan Myeong
1777,nm6975432,tt7604210,Matheus Benites
1778,nm3112190,tt7605702,Carlos Marques-Marcet
1779,nm1287124,tt7605922,Gastón Duprat
1780,nm6740856,tt7608092,Miguel Eek
1781,nm0176118,tt7611618,María Teresa Costantini
1782,nm2122443,tt7613762,Juan José Ponce
1783,nm1025280,tt7618184,Anubhav Sinha
1784,nm3975226,tt7618328,Nicola Pittarello
1785,nm4748550,tt7618434,Ezequiel Endelman
1786,nm4748364,tt7618434,Leandro Montejano
1787,nm9390141,tt7619926,Nathan Meikle
1788,nm4940060,tt7626560,Andrei Kutsila
1789,nm1300796,tt7635178,Buddy MacKinder
1790,nm0409791,tt7639372,Indra Kumar
1791,nm0319690,tt7640222,Alan Gilsenan
1792,nm9626750,tt7640780,Seyyed Vahid Hosseini
1793,nm1560896,tt7642818,Ozan Açiktan
1794,nm2168407,tt7645032,Ana Cruz Navarro
1795,nm0000876,tt7653254,Noah Baumbach
1796,nm9432519,tt7654116,Amilcar Javier Jácome
1797,nm6439123,tt7654230,Jerome John
1798,nm7216122,tt7655240,Pedro Maia
1799,nm2196932,tt7656170,Marcos Pimentel
1800,nm2354445,tt7657746,Khalid Abdulrahim Al-Zadjali
1801,nm9389484,tt7657780,Renee Green
1802,nm8289010,tt7661396,David Swift
1803,nm1075770,tt7661396,Scott Owen
1804,nm1777491,tt7661922,Mark A. Reyes
1805,nm1333473,tt7665332,Tze Chuan Chew
1806,nm2661589,tt7667558,Valerio Attanasio
1807,nm3614760,tt7668994,Joddy Eric Matthews
1808,nm9442434,tt7668994,Joddy Eric Matthews
1809,nm2856732,tt7670364,Jason Schneider
1810,nm3117571,tt7674530,James Van Alden
1811,nm1738082,tt7679126,Dani de la Orden
1812,nm3231025,tt7685104,Dominique Miceli
1813,nm0721219,tt7686906,Tony Y. Reyes
1814,nm3138378,tt7688130,Arturo Méndiz
1815,nm9452486,tt7688836,Anthony Gage
1816,nm1428996,tt7690466,Madan
1817,nm2028384,tt7690878,Andy Dunn
1818,nm8438408,tt7693580,Ethan Kankula
1819,nm9457550,tt7694870,Anuruddha Jayasinghe
1820,nm9458471,tt7697038,Yeon-Woo Nam
1821,nm9411487,tt7702382,Harsha Udakanda
1822,nm0700242,tt7710588,David Pujol
1823,nm3399170,tt7712420,Luis Cepeda
1824,nm9462797,tt7714298,Lee Harris
1825,nm6924527,tt7714518,Sinisa Gacic
1826,nm2956970,tt7720284,Paul Agusta
1827,nm9471582,tt7720284,Katia Engel
1828,nm6708944,tt7721068,Dan Napoli
1829,nm7943703,tt7723022,Subroto Paul
1830,nm9216110,tt7723022,Pradeep Rangwani
1831,nm1574169,tt7723506,Uthpal V. Nayanar
1832,nm9053795,tt7723902,Sophia Mendez
1833,nm0257967,tt7724418,Lisa Enos
1834,nm9067260,tt7730908,Guy Mousset
1835,nm4389398,tt7731314,Xander De Rycke
1836,nm9478072,tt7731862,Yonas Mihretab
1837,nm9119679,tt7732550,Xzabko Scott
1838,nm2243359,tt7734662,Gajendra Ahire
1839,nm0797055,tt7735932,Siegfried
1840,nm9480669,tt7736194,Kan Zhou
1841,nm9480976,tt7739200,Stephan J. Phillips
1842,nm7731713,tt7741160,Lothar Hofer
1843,nm9484660,tt7744826,Lucy Ghavalli
1844,nm5497301,tt7750978,Timothy Torabpour
1845,nm5477035,tt7750988,Iola Nguyen
1846,nm6489795,tt7759320,Vi Anand
1847,nm9421896,tt7759652,Rohan Perera
1848,nm1738794,tt7764804,Israel Cárdenas
1849,nm2191541,tt7764804,Laura Amelia Guzmán
1850,nm9496517,tt7765650,Mika Koskinen
1851,nm9497115,tt7766136,Kuba Witek
1852,nm4099340,tt7769118,Agustín Falco
1853,nm4478565,tt7770126,Minna Hint
1854,nm9502936,tt7776320,Scotty McCoy
1855,nm3368610,tt7776936,Dmitriy Tyurin
1856,nm8864307,tt7777106,Sudipto Bhattacharya
1857,nm0573732,tt7784788,Sean McNamara
1858,nm4106008,tt7787588,Lan An
1859,nm9512872,tt7794266,Vipin Mubeen
1860,nm1578782,tt7795396,Tornike Bziava
1861,nm9516167,tt7801962,Laura Otálora
1862,nm8780682,tt7803852,Saiful Islam Mannu
1863,nm4065181,tt7808768,Tamer Shaaban
1864,nm1867558,tt7812782,Ben Pierce
1865,nm6901236,tt7813438,Dakota Ray
1866,nm7422186,tt7820336,Caroline Tracanelli
1867,nm5594321,tt7822016,Mohamad Abdulaziz
1868,nm5930783,tt7822154,Nizan Lotem
1869,nm5894951,tt7822440,Kiruthiga Udhayanidhi
1870,nm2736900,tt7825984,Jaime Coates
1871,nm6206306,tt8059266,Carl Christian Lein Størmer
1872,nm9656481,tt8059678,Sandria Parsons
1873,nm9656477,tt8059678,Bart Nourse
1874,nm4027343,tt8059720,Cao Quintas
1875,nm2039220,tt8060652,Chang-min Choo
1876,nm5927288,tt8063272,Mattia Colombo
1877,nm9659253,tt8065298,Evan Kelly
1878,nm9661019,tt8070250,Michael Dorgan
1879,nm9661509,tt8070604,Ram Mohan
1880,nm9250694,tt8070906,J.H. Rood
1881,nm8584136,tt8070936,Chrystele Nicot
1882,nm0466153,tt8075192,Hirokazu Koreeda
1883,nm0000965,tt8079248,Danny Boyle
1884,nm6892019,tt8079914,Josué Miranda
1885,nm1901744,tt8083838,Donald Crenshaw
1886,nm2088445,tt8083838,Carl Millender
1887,nm7911065,tt8091652,Arun Gopy
1888,nm9671745,tt8092470,Ida Marie Gedbjerg Sørensen
1889,nm1902686,tt8092490,Michael Glover Smith
1890,nm8469482,tt8093660,Chris Copeskey
1891,nm2852297,tt8097932,Steven Farmer
1892,nm7972037,tt8099232,Angelika Spangel
1893,nm9676465,tt8099232,Matthias Krepp
1894,nm0536157,tt8105430,Eric Magnan
1895,nm4171875,tt8105530,Gerli Nõmm
1896,nm0204934,tt8106584,Kate Davis
1897,nm0374133,tt8106584,David Heilbroner
1898,nm9683407,tt8112198,Adam Kaplan
1899,nm2132290,tt8112198,Gilad Baram
1900,nm4860790,tt8113950,Michael S. Rodriguez
1901,nm8625711,tt8114010,Andre Bato
1902,nm9684525,tt8114398,Ali Ashrar
1903,nm9684524,tt8114398,Sarwar Habib
1904,nm5819128,tt8115484,Evan Daniel Davis
1905,nm9690474,tt8125670,Ken Steve Anuka
1906,nm0637259,tt8125842,Tuva Novotny
1907,nm6449340,tt8126068,Juho-Pekka Tanskanen
1908,nm1978598,tt8126598,David Freid
1909,nm1164552,tt8129794,Florian David Fitz
1910,nm3191889,tt8135494,Jack Bryan
1911,nm3321948,tt8135554,Bruno Sauvard
1912,nm9699422,tt8142542,Noemi Chantada
1913,nm2815884,tt8145820,Brian Skiba
1914,nm3302581,tt8148018,Matthew Shoychet
1915,nm3941888,tt8156784,Eva Pervolovici
1916,nm5664051,tt8165242,Rodrigo Cruz Hernández
1917,nm9711758,tt8166056,Bhanu Prakash Balusu
1918,nm3398535,tt8173832,Faye Viviana
1919,nm1434906,tt8178162,Cynthia Choucair
1920,nm0708520,tt8178850,Norberto Ramos del Val
1921,nm1723199,tt8179214,Jake Yuzna
1922,nm9719505,tt8180488,Toshiaki Itoh
1923,nm9720486,tt8183602,Julian Reboratti
1924,nm9722091,tt8185370,Kabir Jani
1925,nm6576361,tt8189076,Matt D'Avella
1926,nm2737915,tt8189076,Jennifer Fineran
1927,nm9725728,tt8192418,Fikreyesus Dimberu
1928,nm0923249,tt8193590,Fulvio Wetzl
1929,nm9726556,tt8193600,Vittorio Antonacci
1930,nm0096539,tt8194222,António Borges Correia
1931,nm0584221,tt8194318,Thomas Michael
1932,nm9732815,tt8204590,Christine Moderbacher
1933,nm9733612,tt8205982,Kolton Ross
1934,nm9734890,tt8208116,Jayadev Balchandra
1935,nm2470867,tt8210516,Matt Osterman
1936,nm5656222,tt8219776,Trisha Fuentes Allen
1937,nm9740838,tt8220246,Mukesh Kumar Jaiswal
1938,nm9742218,tt8223300,Aleksandr Zubovlenko
1939,nm9742230,tt8223320,Rikun Zhu
1940,nm4705021,tt8223386,Kyoshi Sugita
1941,nm5411902,tt8223408,Bingyuan Li
1942,nm1370237,tt8224696,Colin Bressler
1943,nm0129085,tt8232648,Tom Cairns
1944,nm1994243,tt8236336,Scott Z. Burns
1945,nm0157387,tt8237862,Gerardo Chijona
1946,nm8455673,tt8240962,Agnese Cornelio
1947,nm4380539,tt8241348,Abdullah Al Junaibi
1948,nm3022658,tt8249858,Findo Purwono
1949,nm5318751,tt8253118,Alfredo Torrescalles
1950,nm9759611,tt8253844,John Xavier Brosnan
1951,nm9759684,tt8254006,Liu Xin-Yi
1952,nm6230142,tt8255452,Aleksey Tsitsilin
1953,nm0501729,tt8255452,Robert Lence
1954,nm9761720,tt8258506,Sean Perry
1955,nm9762307,tt8259440,Rick Meghiddo
1956,nm9767444,tt8269254,Venupal
1957,nm9769806,tt8273488,Velmurugan Periavan
1958,nm1001040,tt8276106,Julián Hernández
1959,nm9771267,tt8276820,Victoria Schultz
1960,nm9176721,tt8277174,Paul Ingles
1961,nm0523665,tt8282042,Sergey Loznitsa
1962,nm9774631,tt8284936,ViPlav
1963,nm2925493,tt8288532,Cameron Patterson
1964,nm3835432,tt8289196,Teddy Kunhardt
1965,nm0475139,tt8289196,Peter W. Kunhardt
1966,nm3716294,tt8289196,George Kunhardt
1967,nm9782576,tt8300496,Kent Forbes
1968,nm7150182,tt8302582,Toyin Moore
1969,nm7585226,tt8307476,Jacob A. Miller
1970,nm9786341,tt8308556,Anand Kumar
1971,nm6600641,tt8312704,Joan Fuentelsaz
1972,nm7828498,tt8541302,Elie Séonnet
1973,nm1640967,tt8542168,Pascal Henry
1974,nm2882009,tt8544084,Eric Schulz
1975,nm1867925,tt8545634,Duncan Napier-Bell
1976,nm9902336,tt8546506,Joan Porcel
1977,nm3888504,tt8550322,Reza Sholeh
1978,nm4214375,tt8551336,Enrico Masi
1979,nm9901456,tt8555082,Héctor Hernández
1980,nm7591414,tt8558206,Hossein Nuri
1981,nm1747507,tt8569344,Eyüp Dirlik
1982,nm2131292,tt8571630,Dheeraj Akolkar
1983,nm3681862,tt8578124,Tom Wilson
1984,nm5389446,tt8578466,Niall McCann
1985,nm9918236,tt8582018,Emil Moberg Lundén
1986,nm9918237,tt8582018,Jonathan Ki Lindhult
1987,nm9919802,tt8585750,Ankush Kengar
1988,nm9919521,tt8586656,Joaquin Calle
1989,nm4643507,tt8589440,Adilkhan Yerzhanov
1990,nm0610718,tt8589748,Íce Mrozek
1991,nm0585701,tt8594582,Martin Miehe-Renard
1992,nm3754530,tt8595894,Shirley Frimpong-Manso
1993,nm0220652,tt8598142,Dominique Deruddere
1994,nm9927360,tt8599416,Cenk Ogurtani
1995,nm9931604,tt8612886,Shivam Sharma
1996,nm0257900,tt8620182,Robert Ennis
1997,nm9941026,tt8635048,Tiago Cravidao
1998,nm6655987,tt8640912,Margus Aru
1999,nm9945163,tt8646102,Haakon Dyrnes Alfheim
2000,nm9946780,tt8649372,Kevin Brannigan
2001,nm9946779,tt8649372,Graham Seely
2002,nm1984504,tt8660422,K.V. Guhan
2003,nm2371539,tt8665624,Mainak Bhaumik
2004,nm9955440,tt8665776,Shiva Gangadhar
2005,nm5110805,tt8665862,Gabriel Volcovich
2006,nm9955570,tt8665862,Moy Volcovich
2007,nm1215165,tt8667474,Peter Prestel
2008,nm4735619,tt8671416,Melissa Vitello
2009,nm4178333,tt8671416,Bryan Ricke
2010,nm7635529,tt8672516,Simon Godwin
2011,nm3714869,tt8674158,P. Prabhakar
2012,nm9873967,tt8676426,Kan Eguchi
2013,nm0071483,tt8677042,Alberto Bennati
2014,nm7644226,tt8677400,Bikash Raj Acharya
2015,nm0946937,tt8679036,Hitoshi Yazaki
2016,nm3828161,tt8695798,Maria Mealla
2017,nm0238244,tt8697188,Dominic Dromgoole
2018,nm1463009,tt8698020,Hattie Dalton
2019,nm2245581,tt8698020,Ross Clarke
2020,nm9971723,tt8698020,Christopher Obi
2021,nm0109176,tt8698020,Skot Bright
2022,nm9974129,tt8705220,Anders Emblem
2023,nm0664582,tt8706988,Wladyslaw Pasikowski
2024,nm9976450,tt8708182,Mario Rizzi
2025,nm5894615,tt8708978,Ms. Michelle
2026,nm6017036,tt8714784,Heon Pyo Hong
2027,nm9469997,tt8717288,Tom Monasterios
2028,nm4802653,tt8718114,Eric Spade Rivas
2029,nm3504356,tt8723270,Jason Paul Laxamana
2030,nm9984682,tt8723640,Satya Reddy
2031,nm4874671,tt8726442,Anders Falck
2032,nm7811442,tt8728750,Pravat Rout
2033,nm3849582,tt8730696,Lisandro Boccacci
2034,nm9990097,tt8736042,Maria Yaremchuk
2035,nm9990098,tt8736042,Alla Mehel
2036,nm0471086,tt8739752,Marco Kreuzpaintner
2037,nm0707952,tt8742338,Kodi Ramakrishna
2038,nm10007299,tt8757134,Zeyan Wang
2039,nm0000953,tt8758548,Peter Bogdanovich
2040,nm9577018,tt8760674,Amy M Gokey
2041,nm9637546,tt8760674,Mersed Imamovic
2042,nm4952557,tt8765772,Willem Timmers
2043,nm9402010,tt8767780,Mustafa Davis
2044,nm3115843,tt8767780,Preacher Moss
2045,nm2985661,tt8769828,Enrico Lando
2046,nm2472144,tt8773020,Katja Benrath
2047,nm1615008,tt8774026,Aparna Sanyal
2048,nm2052941,tt8778658,Kevin Ward
2049,nm2830519,tt8781406,François Pomès
2050,nm3849752,tt8783592,Konstantinos Menelaou
2051,nm3590210,tt8785322,Baljit Singh Deo
2052,nm6102172,tt8793136,Faith Elizabeth
2053,nm0069255,tt8795782,Jarett Bellucci
2054,nm1295689,tt8800040,Esther Zimmering
2055,nm0496046,tt8801518,Christian Lerch
2056,nm3911348,tt8803420,Andy Denson
2057,nm8564922,tt8806708,Huy Yaleng
2058,nm4366465,tt8806750,Ezequiel Fernandez
2059,nm3074422,tt8806750,Djamel Zaoui
2060,nm4549648,tt8806876,Marcus Campbell Sinclair
2061,nm10033089,tt8809978,Jaron Myers
2062,nm10025995,tt8810224,Seth Allen Spencer
2063,nm10037038,tt8819168,Fabio del Greco
2064,nm8289288,tt8819216,Nathaniel Knop
2065,nm0728103,tt8819216,Peter Rippl
2066,nm10037082,tt8819216,Ragunath Vasudevan
2067,nm4695372,tt8823330,Vijay S. Bhanushali
2068,nm2129636,tt8832996,Migdalia Etheridge
2069,nm0262061,tt8832996,Ray Etheridge
2070,nm1393284,tt8835072,Martín Céspedes
2071,nm9618201,tt8835104,Carola Mair
2072,nm0005829,tt8842066,Claire Pijman
2073,nm7591051,tt8851068,Andrey Demianskiy
2074,nm10052846,tt8852350,Jass Grewal
2075,nm0849195,tt8852598,Lekh Tandon
2076,nm8074934,tt8852620,Shalini Balasundaram
2077,nm8910592,tt8856052,Maddie Orton
2078,nm1614415,tt8863066,Matt Wolf
2079,nm10066273,tt8881112,Chris Haderer
2080,nm5502942,tt8881508,Vittorio Bedogna
2081,nm0722815,tt8885808,Artur Ribeiro
2082,nm10068752,tt8887486,Marcelo Collar
2083,nm6935209,tt8897046,Tony Newton
2084,nm1591774,tt8899902,Vincent Fernandel
2085,nm10070371,tt8902436,Hideki Oshima
2086,nm10076632,tt8902894,Simon Black
2087,nm1330011,tt8903960,Maya Albana
2088,nm10080872,tt8912318,Jeff Hall
2089,nm10080874,tt8912318,Sean Bingham
2090,nm1961863,tt8912546,Sai Varadan
2091,nm3607398,tt8919194,Suseenthiran
2092,nm1963808,tt8922384,Hideo Jôjô
2093,nm6811599,tt8923482,Nanfu Wang
2094,nm5868577,tt8923482,Jialing Zhang
2095,nm6426761,tt8923500,Hassan Fazili
2096,nm10091986,tt8934918,Dinjith Ayyathan
2097,nm0783081,tt8941334,Ivars Seleckis
2098,nm3107163,tt8946910,Graham Meriwether
2099,nm2379416,tt8948944,Annie Mumgaard
2100,nm0623048,tt8949410,Jorge Navas
2101,nm6815944,tt8957464,Guillaume Fournier
2102,nm3745719,tt8957464,Samuel Matteau
2103,nm4013820,tt8957464,Yannick Nolin
2104,nm3793763,tt8959144,Serdar Gözelekli
2105,nm4982407,tt8959144,Muammer Kocak
2106,nm1108266,tt8961774,Ezequiel Acuña
2107,nm2209522,tt8961870,Ádám Tõsér
2108,nm7381574,tt8972428,Ilya Belov
2109,nm10112534,tt8979768,D.A. Henry
2110,nm10114277,tt8983054,Ravi Gundaboina
2111,nm5366411,tt8983238,C.V. Kumar
2112,nm10114451,tt8983240,Manav Shah
2113,nm4616735,tt8985900,Seth Newton
2114,nm10118085,tt8991250,Houman Babanorouzi
2115,nm10118519,tt8991518,Isa Seyran
2116,nm9161201,tt8991518,Ibrahim Turk
2117,nm4396982,tt8993078,Farkhat Sharipov
2118,nm5268998,tt8998496,Ryan Scutt
2119,nm1715598,tt8998600,Brady Caverly
2120,nm2538765,tt9002058,Raja Mukhriz Bin R. Ahmed Kamaruddin
2121,nm5411183,tt9006626,Thomas Beyer
2122,nm10125820,tt9006626,Adrian Dorschner
2123,nm2534343,tt9008292,Juan Zapata
2124,nm10127849,tt9011224,Yasmine Chouikh
2125,nm7686114,tt9014672,Gabriel Bissonnette
2126,nm8165760,tt9014672,Bernard Hallé
2127,nm6893138,tt9029572,Barry Jay
2128,nm2125482,tt9032400,Chloé Zhao
2129,nm8340612,tt9035250,Tom Rosy
2130,nm9747918,tt9037174,Prince Bih
2131,nm0230279,tt9037222,David Dodson
2132,nm3305952,tt9037222,Vladimir Zelenskiy
2133,nm0200521,tt9042706,Mireille Dansereau
2134,nm0088335,tt9044688,Kate Blewett
2135,nm10148813,tt9046926,Iki Ènèng
2136,nm4914661,tt9050268,Egor Baranov
2137,nm0262459,tt9050372,Anton Evangelista
2138,nm10152122,tt9051988,César Vieira
2139,nm10152124,tt9051988,Rafael Crespo
2140,nm10152123,tt9051988,Conrado Ferrato
2141,nm0869502,tt9052972,Jalal Toufic
2142,nm3188152,tt9053566,Jeff Wilkinson
2143,nm2584352,tt9063234,Gerard Gil
2144,nm4506269,tt9064564,Ramon Porto Mota
2145,nm4498618,tt9064564,Jhésus Tribuzi
2146,nm5506211,tt9064564,Gabriel Martins
2147,nm10160153,tt9064564,Ian Abé
2148,nm0470660,tt9067840,David Kreiner
2149,nm5487951,tt9069778,Robert L. Cunningham
2150,nm8725223,tt9071108,Sharisse Zeroonian
2151,nm8233606,tt9071828,Michael Tessler
2152,nm2806942,tt9075170,Dream Kasestatad
2153,nm0500988,tt9075612,Claude Lelouch
2154,nm0002459,tt9075778,T.C. Christensen
2155,nm0150897,tt9076570,Fruit Chan
2156,nm10169716,tt9080710,Joey Kneiser
2157,nm2199177,tt9082152,Jamie Adams
2158,nm2320672,tt9084682,Cristian Jure
2159,nm10156252,tt9087896,Ishan Parikh
2160,nm4359904,tt9089938,Immanuel Degn
2161,nm10177876,tt9098884,Damiano Debbi
2162,nm0766263,tt9099938,Shinsuke Sato
2163,nm10179925,tt9103796,Paul Burke
2164,nm10180497,tt9104634,Josh Lalley
2165,nm10180498,tt9104634,Russell Brooks
2166,nm1598332,tt9104710,Uday Pratap Singh
2167,nm0415245,tt9105628,Benoît Jacquot
2168,nm10182908,tt9109778,Kiran Rk
2169,nm4404024,tt9112156,Farahnaz Sharifi
2170,nm2126446,tt9114472,Leila Conners
2171,nm0289824,tt9119200,Lisa France
2172,nm1593772,tt9124892,Marco Wilms
2173,nm0323701,tt9126164,Kire Godal
2174,nm0257093,tt9129296,Janice Engel
2175,nm9737577,tt9129920,Elbert H Smith
2176,nm10191876,tt9131210,Ryslaine Boumahdi
2177,nm0847126,tt9137056,Hiroshi Takahashi
2178,nm10194766,tt9138272,Ryan Mors
2179,nm1989099,tt9139700,Mohd Pierre Andre
2180,nm5418241,tt9144314,Mark Swanhart
2181,nm1339693,tt9156204,Jorge Pelicano
2182,nm5490658,tt9165772,Kameliya Petrova
2183,nm10207271,tt9166804,Sabrina Morena
2184,nm0957024,tt9169222,Riccardo Zinna
2185,nm3123336,tt9174986,Volkan Adiyaman
2186,nm9762745,tt9174986,Kadir Genç
2187,nm3571876,tt9178432,Djonny Chen
2188,nm1668009,tt9179100,Ramesh Yadhav
2189,nm9688165,tt9179256,Anurag Shetty
2190,nm6963156,tt9199578,Gadi Aisen
2191,nm1387578,tt9202174,Serguei Svoboda
2192,nm0191525,tt9203340,Ruth Cullen
2193,nm10126258,tt9205994,Pedro Tavares
2194,nm10227670,tt9211934,Malgorzata Dobrowolska
2195,nm10129044,tt9212654,Izzy Clarke
2196,nm0003670,tt9212672,Andreas Morell
2197,nm7264693,tt9218926,Daniel Ferraz
2198,nm4069286,tt9219868,Wojciech Lorenc
2199,nm9458809,tt9222826,Christian Lim
2200,nm9131714,tt9223874,Mark Helms
2201,nm1738698,tt9225812,Laís Bodanzky
2202,nm8698429,tt9230398,Aditya Ingale
2203,nm8099027,tt9230514,Caleb Francis Jenkins
2204,nm3588587,tt9234782,Marc Allen
2205,nm9943391,tt9238380,Thierno Thioune
2206,nm1462820,tt9239772,Ashwini Chaudhary
2207,nm10241172,tt9242226,Redd Tingle
2208,nm4339338,tt9247252,Dirk Schneider
2209,nm1699123,tt9247876,Emir Skalonja
2210,nm10244699,tt9248688,Susheel Mukashi
2211,nm1202443,tt9260926,Dominic Dembinski
2212,nm2997640,tt9270416,Barry Gonzalez
2213,nm7175680,tt9275702,Gonzalo Albornoz
2214,nm0165676,tt9490586,Chris J. Clayton
2215,nm7052969,tt9500864,John Johnson
2216,nm8244209,tt9527028,Sumon Dhar
2217,nm6686876,tt9531736,Gao Feng
2218,nm7053439,tt9534108,Miguel Moraes Cabral
2219,nm4754664,tt9534108,Nathalie Mansoux
2220,nm4843295,tt9536636,Kyle Moody
2221,nm0433893,tt9537150,K.S. Ravikumar
2222,nm4574218,tt9538008,Katharina Mihm
2223,nm10376994,tt9553080,Pip Kelly
2224,nm10385397,tt9571090,Florin Besoiu
2225,nm6444671,tt9588298,Robert Miller
2226,nm1351885,tt9588298,Henry Singer
2227,nm3954274,tt9597190,Han Han
2228,nm7188359,tt9598958,William Axtell
2229,nm9348930,tt9602258,Yu-na Eom
2230,nm1866065,tt9612268,Lars Feldballe Petersen
2231,nm6765113,tt9612268,Jacob Andersen
2232,nm9989277,tt9615610,Ryan Manley
2233,nm8651698,tt9617590,Agnes Lisa Wegner
2234,nm0310088,tt9617590,Uli Gaulke
2235,nm10410346,tt9624570,Christoph Rahm
2236,nm4457201,tt9631700,Jack Skyyler
2237,nm4488919,tt9631700,Alex Zinzopoulos
2238,nm4150219,tt9640878,Yuri Ancarani
2239,nm4664464,tt9643428,Beppe Tufarulo
2240,nm4457465,tt9643920,Luis Libran
2241,nm4456904,tt9643920,Carl June
2242,nm0019723,tt9645472,Adolfo Alix Jr.
2243,nm5904327,tt9646632,Marie Brumagne
2244,nm8522895,tt9646632,Bram Van Cauwenberghe
2245,nm5663995,tt9648058,Doel Trivedy
2246,nm10421267,tt9648058,Gautam Pandey
2247,nm0396994,tt9652730,Ivo van Hove
2248,nm10427697,tt9662736,Ashleigh Davies
2249,nm6216421,tt9668280,Pauli Janhunen Calderón
2250,nm3234935,tt9675928,Fanny Bräuning
2251,nm4154905,tt9675996,Benoit Felici
2252,nm4553924,tt9683250,Alise Zarina
2253,nm10438020,tt9685592,Ryuichi Mino
2254,nm10440195,tt9690426,Yongkang Tang
2255,nm0020717,tt9695682,Keith Allen
2256,nm10446587,tt9707272,Joaquín Maito
2257,nm0826541,tt0803061,Kriv Stenders
2258,nm2286368,tt0810815,Albert J. Allie
2259,nm1802022,tt0810815,Michael J. Arbouet
2260,nm2056034,tt0831881,Julian T. Pinder
2261,nm1549145,tt0853155,Morgan Jon Fox
2262,nm2383912,tt0858419,Dan Pritzker
2263,nm1742414,tt0865911,Kawo Reland
2264,nm0000631,tt0955308,Ridley Scott
2265,nm1621250,tt10023154,Folke Rydén
2266,nm7891335,tt10035012,Jit Khamnoedrat
2267,nm10553671,tt10035152,Roger Vontobel
